case,layout,condition,method,budget,solver_propagations,state_propagations,iterations,solver_seconds,scoring_propagations,amplitude_nrmse,field_nrmse,bright_core_field_nrmse,phase_rmse_rad,phase_invalid_fraction,stop_reason,line_trials,rejected_trials
periodic_clean,periodic,clean,ZERO,0,0,0,0,0,1,0.596625191703185,0.655475183732924,0.655391498444849,0.250364933641618,0,zero_iteration,0,0
periodic_clean,periodic,clean,HIO,80,80,80,40,0.1599561,1,0.0200035608758546,0.146710661287629,0.112794075147327,0.114590075923766,0,propagation_budget,0,0
periodic_clean,periodic,clean,HIO,200,200,200,100,0.4001993,1,0.0227662379002473,0.148928269779433,0.111241813617115,0.110832665289895,0,propagation_budget,0,0
periodic_clean,periodic,clean,ER,80,80,80,40,0.1573628,1,0.0151500687087491,0.155027078051519,0.129977914550054,0.132733735876581,0,propagation_budget,0,0
periodic_clean,periodic,clean,ER,200,200,200,100,0.3849989,1,0.0136086303464389,0.14749061117048,0.121882465080071,0.124219130480089,0,propagation_budget,0,0
periodic_clean,periodic,clean,RAAR,80,80,80,40,0.212265,1,0.012770751584181,0.12519861452471,0.104410494461331,0.103972403955408,0,propagation_budget,0,0
periodic_clean,periodic,clean,RAAR,200,200,200,100,0.5099838,1,0.012515794089355,0.118165752887684,0.098529589697393,0.0969539447985871,0,propagation_budget,0,0
periodic_clean,periodic,clean,LBFGS,80,80,80,39,0.3694042,1,0.012537054578449,0.146027151683009,0.113019363901882,0.114868101306648,0,propagation_budget,39,0
periodic_clean,periodic,clean,LBFGS,200,200,200,99,0.9565444,1,0.0119669978867663,0.212279084153461,0.153211960626414,0.16647032715438,0,propagation_budget,99,0
periodic_shot_read,periodic,shot_read,ZERO,0,0,0,0,0,1,0.722888920668268,0.655475183732924,0.655391498444849,0.250364933641618,0,zero_iteration,0,0
periodic_shot_read,periodic,shot_read,HIO,80,80,80,40,0.1555063,1,0.388209432110832,1.30426349390034,1.05003764030559,1.64422296298279,0,propagation_budget,0,0
periodic_shot_read,periodic,shot_read,HIO,200,200,200,100,0.3917572,1,0.383845855401008,1.39882880340436,1.15444870559588,1.7769700143751,0,propagation_budget,0,0
periodic_shot_read,periodic,shot_read,ER,80,80,80,40,0.1518601,1,0.331736865268721,0.548740397007158,0.317559075714133,0.421560273833896,0,propagation_budget,0,0
periodic_shot_read,periodic,shot_read,ER,200,200,200,100,0.3837206,1,0.325634685556393,0.631253184300227,0.372258064309792,0.486147445396447,0,propagation_budget,0,0
periodic_shot_read,periodic,shot_read,RAAR,80,80,80,40,0.2042684,1,0.422792975089762,0.846280276289074,0.640518785153521,0.82708708176465,0,propagation_budget,0,0
periodic_shot_read,periodic,shot_read,RAAR,200,200,200,100,0.502161,1,0.423655953944603,0.947983931252182,0.734434296303608,1.00317735876582,0,propagation_budget,0,0
periodic_shot_read,periodic,shot_read,LBFGS,80,80,80,39,0.3308317,1,0.323055815829827,0.714406750538636,0.439006648732033,0.570019210329957,0,propagation_budget,39,0
periodic_shot_read,periodic,shot_read,LBFGS,200,200,200,98,0.8646887,1,0.319531126765372,0.860841217175322,0.566707533348245,0.772483517401534,0,propagation_budget,99,1
aperiodic_clean,aperiodic,clean,ZERO,0,0,0,0,0,1,0.616464877380298,0.673865672403492,0.673986309310494,0.258357426288318,0,zero_iteration,0,0
aperiodic_clean,aperiodic,clean,HIO,80,80,80,40,0.1546114,1,0.0214177912734126,0.130192941623072,0.0853207119145404,0.100927371409461,0,propagation_budget,0,0
aperiodic_clean,aperiodic,clean,HIO,200,200,200,100,0.4462904,1,0.022398957127669,0.126745634105066,0.0804135536114558,0.0935172719987641,0,propagation_budget,0,0
aperiodic_clean,aperiodic,clean,ER,80,80,80,40,0.1457104,1,0.0156738929709127,0.140000379057161,0.103541082916804,0.117607656438366,0,propagation_budget,0,0
aperiodic_clean,aperiodic,clean,ER,200,200,200,100,0.3669473,1,0.0135787677276466,0.129244695287711,0.0938949419403355,0.108151664167726,0,propagation_budget,0,0
aperiodic_clean,aperiodic,clean,RAAR,80,80,80,40,0.1881024,1,0.0131389248953726,0.110727661331809,0.0777459231088728,0.0898051336485804,0,propagation_budget,0,0
aperiodic_clean,aperiodic,clean,RAAR,200,200,200,100,0.4602641,1,0.0117781773476177,0.102724438634207,0.0709803344069457,0.0811234071966989,0,propagation_budget,0,0
aperiodic_clean,aperiodic,clean,LBFGS,80,80,80,39,0.332852,1,0.0122062213702439,0.120561549316985,0.0843849743753992,0.0980299230448401,0,propagation_budget,39,0
aperiodic_clean,aperiodic,clean,LBFGS,200,200,200,99,0.8749901,1,0.0119090582635417,0.15226650887001,0.10137008750319,0.114683650260764,0,propagation_budget,99,0
aperiodic_shot_read,aperiodic,shot_read,ZERO,0,0,0,0,0,1,0.737387318296963,0.673865672403492,0.673986309310494,0.258357426288318,0,zero_iteration,0,0
aperiodic_shot_read,aperiodic,shot_read,HIO,80,80,80,40,0.1617989,1,0.389451532650192,1.30833421416627,1.04938524440934,1.64895346724962,0,propagation_budget,0,0
aperiodic_shot_read,aperiodic,shot_read,HIO,200,200,200,100,0.3927204,1,0.389262616363766,1.38301506036724,1.1307967493053,1.75747974573891,0,propagation_budget,0,0
aperiodic_shot_read,aperiodic,shot_read,ER,80,80,80,40,0.1544997,1,0.335276715032974,0.549527376305266,0.309885934060564,0.408900594016184,0,propagation_budget,0,0
aperiodic_shot_read,aperiodic,shot_read,ER,200,200,200,100,0.3804225,1,0.329570589935805,0.623080197624373,0.356209296276593,0.47048124130987,0,propagation_budget,0,0
aperiodic_shot_read,aperiodic,shot_read,RAAR,80,80,80,40,0.1831232,1,0.43165661535373,0.879922413480861,0.668496787868139,0.90424627247386,0,propagation_budget,0,0
aperiodic_shot_read,aperiodic,shot_read,RAAR,200,200,200,100,0.4533291,1,0.430597409050299,0.925968689184892,0.70643296433438,0.972896614913034,0,propagation_budget,0,0
aperiodic_shot_read,aperiodic,shot_read,LBFGS,80,80,80,39,0.3786522,1,0.327344602402659,0.699613418355768,0.415771154581402,0.573027302872304,0,propagation_budget,39,0
aperiodic_shot_read,aperiodic,shot_read,LBFGS,200,200,200,99,1.0390445,1,0.323353353209179,0.854174700724494,0.553109092560369,0.773324629639066,0,propagation_budget,99,0
