case,method,iterations,propagations,state_propagations,field_nrmse,phase_rmse_rad
periodic_clean,HIO,0,0,0,0.655475183732924,0.250364933641618
periodic_clean,HIO,40,80,80,0.146710661287629,0.114590075923766
periodic_clean,HIO,100,200,200,0.148928269779433,0.110832665289895
periodic_clean,ER,0,0,0,0.655475183732924,0.250364933641618
periodic_clean,ER,40,80,80,0.155027078051519,0.132733735876581
periodic_clean,ER,100,200,200,0.14749061117048,0.124219130480089
periodic_clean,RAAR,0,0,0,0.655475183732924,0.250364933641618
periodic_clean,RAAR,40,80,80,0.12519861452471,0.103972403955408
periodic_clean,RAAR,100,200,200,0.118165752887684,0.0969539447985871
periodic_clean,LBFGS,0,0,0,0.655475183732924,0.250364933641618
periodic_clean,LBFGS,39,80,80,0.146027151683009,0.114868101306648
periodic_clean,LBFGS,99,200,200,0.212279084153461,0.16647032715438
periodic_shot_read,HIO,0,0,0,0.655475183732924,0.250364933641618
periodic_shot_read,HIO,40,80,80,1.30426349390034,1.64422296298279
periodic_shot_read,HIO,100,200,200,1.39882880340436,1.7769700143751
periodic_shot_read,ER,0,0,0,0.655475183732924,0.250364933641618
periodic_shot_read,ER,40,80,80,0.548740397007158,0.421560273833896
periodic_shot_read,ER,100,200,200,0.631253184300227,0.486147445396447
periodic_shot_read,RAAR,0,0,0,0.655475183732924,0.250364933641618
periodic_shot_read,RAAR,40,80,80,0.846280276289074,0.82708708176465
periodic_shot_read,RAAR,100,200,200,0.947983931252182,1.00317735876582
periodic_shot_read,LBFGS,0,0,0,0.655475183732924,0.250364933641618
periodic_shot_read,LBFGS,39,80,80,0.714406750538636,0.570019210329957
periodic_shot_read,LBFGS,98,200,200,0.860841217175322,0.772483517401534
aperiodic_clean,HIO,0,0,0,0.673865672403492,0.258357426288318
aperiodic_clean,HIO,40,80,80,0.130192941623072,0.100927371409461
aperiodic_clean,HIO,100,200,200,0.126745634105066,0.0935172719987641
aperiodic_clean,ER,0,0,0,0.673865672403492,0.258357426288318
aperiodic_clean,ER,40,80,80,0.140000379057161,0.117607656438366
aperiodic_clean,ER,100,200,200,0.129244695287711,0.108151664167726
aperiodic_clean,RAAR,0,0,0,0.673865672403492,0.258357426288318
aperiodic_clean,RAAR,40,80,80,0.110727661331809,0.0898051336485804
aperiodic_clean,RAAR,100,200,200,0.102724438634207,0.0811234071966989
aperiodic_clean,LBFGS,0,0,0,0.673865672403492,0.258357426288318
aperiodic_clean,LBFGS,39,80,80,0.120561549316985,0.0980299230448401
aperiodic_clean,LBFGS,99,200,200,0.15226650887001,0.114683650260764
aperiodic_shot_read,HIO,0,0,0,0.673865672403492,0.258357426288318
aperiodic_shot_read,HIO,40,80,80,1.30833421416627,1.64895346724962
aperiodic_shot_read,HIO,100,200,200,1.38301506036724,1.75747974573891
aperiodic_shot_read,ER,0,0,0,0.673865672403492,0.258357426288318
aperiodic_shot_read,ER,40,80,80,0.549527376305266,0.408900594016184
aperiodic_shot_read,ER,100,200,200,0.623080197624373,0.47048124130987
aperiodic_shot_read,RAAR,0,0,0,0.673865672403492,0.258357426288318
aperiodic_shot_read,RAAR,40,80,80,0.879922413480861,0.90424627247386
aperiodic_shot_read,RAAR,100,200,200,0.925968689184892,0.972896614913034
aperiodic_shot_read,LBFGS,0,0,0,0.673865672403492,0.258357426288318
aperiodic_shot_read,LBFGS,39,80,80,0.699613418355768,0.573027302872304
aperiodic_shot_read,LBFGS,99,200,200,0.854174700724494,0.773324629639066
