method,iterations,propagations,state_propagations,field_nrmse,phase_rmse_rad,measurement_amplitude_nrmse,case
HIO,0,0,0,0.655475183732924,0.250364933641618,0.596625191703185,periodic_clean
HIO,1,2,2,0.208517622363552,0.176997931414775,0.0663439751352478,periodic_clean
HIO,2,4,4,0.191922899273056,0.163729784789379,0.0433022478968628,periodic_clean
HIO,3,6,6,0.182886512542077,0.156613293174572,0.0333741223229513,periodic_clean
HIO,4,8,8,0.176912489709208,0.151835828389247,0.0284444476708215,periodic_clean
HIO,5,10,10,0.17245787231733,0.147986799932027,0.0255088188871945,periodic_clean
HIO,6,12,12,0.16901140986048,0.144847286665102,0.023454364748294,periodic_clean
HIO,7,14,14,0.166283972844791,0.142046135554516,0.0220033087147577,periodic_clean
HIO,8,16,16,0.164015310414463,0.139570590033693,0.0210310359133603,periodic_clean
HIO,9,18,18,0.162127579813381,0.137399424336524,0.0201714902174175,periodic_clean
HIO,10,20,20,0.160531340145563,0.135403707362076,0.0194384088923973,periodic_clean
HIO,11,22,22,0.159251140326972,0.133690299379368,0.018956390041643,periodic_clean
HIO,12,24,24,0.158173480264083,0.132254796192147,0.018731089243023,periodic_clean
HIO,13,26,26,0.157256410570962,0.130893166399589,0.0184655200755607,periodic_clean
HIO,14,28,28,0.156363059139439,0.129715748765479,0.0183035799424187,periodic_clean
HIO,15,30,30,0.155498159786573,0.128613251468581,0.0186027380144376,periodic_clean
HIO,16,32,32,0.15475613879851,0.127716073291784,0.0189658958089307,periodic_clean
HIO,17,34,34,0.15400150583975,0.126904219165344,0.018605459407381,periodic_clean
HIO,18,36,36,0.15318301351963,0.126115257054607,0.0185141076269763,periodic_clean
HIO,19,38,38,0.152416989958107,0.125262209464292,0.0184876618242406,periodic_clean
HIO,20,40,40,0.15166404602258,0.124311331517396,0.0185886374764804,periodic_clean
HIO,21,42,42,0.150823037646725,0.123466840501178,0.0187093348367203,periodic_clean
HIO,22,44,44,0.149849399034583,0.122444825455985,0.0185942345835901,periodic_clean
HIO,23,46,46,0.148889003120584,0.121323604155607,0.0184083944874082,periodic_clean
HIO,24,48,48,0.148073405479661,0.120337757156158,0.0182173604391066,periodic_clean
HIO,25,50,50,0.147354644080918,0.119584107714081,0.0179987957448652,periodic_clean
HIO,26,52,52,0.146647850696652,0.118904123528903,0.0179059225221422,periodic_clean
HIO,27,54,54,0.146026270554869,0.11826403451582,0.0180048168870513,periodic_clean
HIO,28,56,56,0.145446972388817,0.117625467352527,0.0177369078655182,periodic_clean
HIO,29,58,58,0.144957143686467,0.116801772829934,0.0173568971623557,periodic_clean
HIO,30,60,60,0.144592751226293,0.115906995223087,0.0173616273545139,periodic_clean
HIO,31,62,62,0.144469848927185,0.115289048289623,0.0177393612181919,periodic_clean
HIO,32,64,64,0.144466102565857,0.114900972319409,0.0177285765153209,periodic_clean
HIO,33,66,66,0.144546510074148,0.114817306852636,0.0178011635915987,periodic_clean
HIO,34,68,68,0.144807022399435,0.114940378607906,0.0181340629257198,periodic_clean
HIO,35,70,70,0.14522503008547,0.11517452979819,0.0187459748736442,periodic_clean
HIO,36,72,72,0.145643574833032,0.115102721275666,0.0196115536978026,periodic_clean
HIO,37,74,74,0.146049657571236,0.114933851510128,0.0202433660689103,periodic_clean
HIO,38,76,76,0.146321745225452,0.114683397896798,0.0204552899812408,periodic_clean
HIO,39,78,78,0.146526342989514,0.11447223264076,0.0201986122841704,periodic_clean
HIO,40,80,80,0.146710661287629,0.114590075923766,0.0200035608758546,periodic_clean
HIO,41,82,82,0.146967693998217,0.114861809813468,0.0202390820134176,periodic_clean
HIO,42,84,84,0.147221787591676,0.114911669954301,0.0203925013144976,periodic_clean
HIO,43,86,86,0.147584500924371,0.114877624928009,0.0205241315071789,periodic_clean
HIO,44,88,88,0.147994096201037,0.114850284401901,0.0207500318324861,periodic_clean
HIO,45,90,90,0.148436706730983,0.114843752501572,0.0213160715623832,periodic_clean
HIO,46,92,92,0.148809997270152,0.114747409440781,0.0219796265829771,periodic_clean
HIO,47,94,94,0.149236847331045,0.114526471115024,0.022263344046937,periodic_clean
HIO,48,96,96,0.149533889258297,0.114463822352361,0.0219439449423178,periodic_clean
HIO,49,98,98,0.149911124202649,0.114433076523403,0.0221157915306842,periodic_clean
HIO,50,100,100,0.150216465100455,0.114413026630423,0.0223112333888413,periodic_clean
HIO,51,102,102,0.150415816498275,0.114304167949032,0.022315520750957,periodic_clean
HIO,52,104,104,0.150540965483645,0.114260230482504,0.0223982944575678,periodic_clean
HIO,53,106,106,0.150618309599892,0.114122394948193,0.0221885967917801,periodic_clean
HIO,54,108,108,0.150748602824743,0.114062553444589,0.0221645388059129,periodic_clean
HIO,55,110,110,0.150665030939688,0.113698075445438,0.0221218807757382,periodic_clean
HIO,56,112,112,0.150492772170324,0.113180178460149,0.0220758861853788,periodic_clean
HIO,57,114,114,0.150357226613945,0.112931674738162,0.0220528009516481,periodic_clean
HIO,58,116,116,0.150316563483908,0.112772586752293,0.0221171608831059,periodic_clean
HIO,59,118,118,0.150264173932362,0.112707271337646,0.0221566670456794,periodic_clean
HIO,60,120,120,0.150112731885085,0.112537075472806,0.0218004221894309,periodic_clean
HIO,61,122,122,0.15000502141866,0.112273508197399,0.0218336448187407,periodic_clean
HIO,62,124,124,0.149948478470108,0.11193326180109,0.0218848620798494,periodic_clean
HIO,63,126,126,0.149856163273911,0.111396496706336,0.021858788300793,periodic_clean
HIO,64,128,128,0.149697733437784,0.11079742086294,0.0216389935245643,periodic_clean
HIO,65,130,130,0.149658480660005,0.110558269935628,0.0215181450549883,periodic_clean
HIO,66,132,132,0.149659929031882,0.110385168308808,0.0216473328928709,periodic_clean
HIO,67,134,134,0.149577462084876,0.110072475189651,0.0216907441924127,periodic_clean
HIO,68,136,136,0.149527054053626,0.109711999715691,0.0218147950782445,periodic_clean
HIO,69,138,138,0.149325563519983,0.109343335144405,0.0217136062637241,periodic_clean
HIO,70,140,140,0.149062300318194,0.108899273410962,0.02155725906265,periodic_clean
HIO,71,142,142,0.148991992869387,0.108414603319299,0.0215122250956595,periodic_clean
HIO,72,144,144,0.149048927233984,0.108006082437412,0.0220896060259244,periodic_clean
HIO,73,146,146,0.149331511492643,0.108047693330868,0.0228716836848863,periodic_clean
HIO,74,148,148,0.14933504111279,0.108098539887413,0.02247348356809,periodic_clean
HIO,75,150,150,0.149415888137148,0.108034996588508,0.0219462808458421,periodic_clean
HIO,76,152,152,0.149571562532822,0.108210733933949,0.0216819597776985,periodic_clean
HIO,77,154,154,0.149777748783447,0.108446216651275,0.0217570822071151,periodic_clean
HIO,78,156,156,0.15000942276329,0.108691199429679,0.0220852029136068,periodic_clean
HIO,79,158,158,0.150228791804544,0.109030608218385,0.0224670419497037,periodic_clean
HIO,80,160,160,0.150435782624679,0.109221854100655,0.0226851636392873,periodic_clean
HIO,81,162,162,0.150620511162889,0.109394293082651,0.0230686537084876,periodic_clean
HIO,82,164,164,0.150621756200745,0.109134702897487,0.0235308174907363,periodic_clean
HIO,83,166,166,0.150323880645019,0.108732471084126,0.0238132464883106,periodic_clean
HIO,84,168,168,0.149620821382773,0.108188275431047,0.023489743392729,periodic_clean
HIO,85,170,170,0.148915439512087,0.107831778477009,0.023087835449069,periodic_clean
HIO,86,172,172,0.148188930002468,0.107507798938164,0.0225888135122575,periodic_clean
HIO,87,174,174,0.147581694236701,0.107115879384068,0.0222589482532078,periodic_clean
HIO,88,176,176,0.147062038062181,0.106780223795517,0.0220944597446814,periodic_clean
HIO,89,178,178,0.146527567613746,0.106420891292781,0.0218590885017902,periodic_clean
HIO,90,180,180,0.146367374462291,0.106479198136406,0.0218873178138771,periodic_clean
HIO,91,182,182,0.146438652756236,0.106926495686515,0.0223302735582343,periodic_clean
HIO,92,184,184,0.146786703572967,0.107345630647503,0.0226115681265398,periodic_clean
HIO,93,186,186,0.147079795389765,0.107637882198721,0.0226651592399544,periodic_clean
HIO,94,188,188,0.147440996909653,0.108141120424883,0.0226801712873229,periodic_clean
HIO,95,190,190,0.147634168064995,0.10864449593277,0.0222668142658299,periodic_clean
HIO,96,192,192,0.147671652772643,0.108964988266089,0.0218456002138409,periodic_clean
HIO,97,194,194,0.147856602153188,0.109469193305632,0.0219897680301916,periodic_clean
HIO,98,196,196,0.148152068716804,0.109809775661278,0.0223002235612201,periodic_clean
HIO,99,198,198,0.148545009542043,0.11022294458744,0.022638015726006,periodic_clean
HIO,100,200,200,0.148928269779433,0.110832665289895,0.0227662379002473,periodic_clean
ER,0,0,0,0.655475183732924,0.250364933641618,0.596625191703185,periodic_clean
ER,1,2,2,0.208517622363552,0.176997931414775,0.0663439751352478,periodic_clean
ER,2,4,4,0.195041860591772,0.166316560564401,0.0471466458673243,periodic_clean
ER,3,6,6,0.188141586099282,0.161114068201794,0.0386275730691,periodic_clean
ER,4,8,8,0.183543776410107,0.157485304786103,0.0336486861243584,periodic_clean
ER,5,10,10,0.180140996739226,0.154747381120003,0.0304013139349798,periodic_clean
ER,6,12,12,0.177453295759599,0.152539832907076,0.028101743654337,periodic_clean
ER,7,14,14,0.17521085997959,0.150679398087408,0.0263099570956111,periodic_clean
ER,8,16,16,0.173302345237818,0.149089154885266,0.0248398658617137,periodic_clean
ER,9,18,18,0.171660227170077,0.147712624832558,0.0236592015765271,periodic_clean
ER,10,20,20,0.170231162537222,0.146505751117768,0.0227015086406108,periodic_clean
ER,11,22,22,0.168971903770205,0.145432349372892,0.0218986284400515,periodic_clean
ER,12,24,24,0.167850898509577,0.144467971139405,0.0212110414797824,periodic_clean
ER,13,26,26,0.166843960581757,0.143594468071109,0.0206143529892671,periodic_clean
ER,14,28,28,0.1659316403279,0.142794544684592,0.0200920540391673,periodic_clean
ER,15,30,30,0.165097767162381,0.142056360630307,0.0196301934809971,periodic_clean
ER,16,32,32,0.164328984148292,0.141371158121541,0.0192133318963226,periodic_clean
ER,17,34,34,0.163615096087189,0.140733290989773,0.018824718907041,periodic_clean
ER,18,36,36,0.162950307404705,0.140142064607041,0.0184521387680244,periodic_clean
ER,19,38,38,0.162333752333643,0.139599933590107,0.0180972082708177,periodic_clean
ER,20,40,40,0.16176566545878,0.139105535094855,0.0177733386524766,periodic_clean
ER,21,42,42,0.161242737080418,0.138650949055538,0.0174898341787865,periodic_clean
ER,22,44,44,0.16075856008807,0.138226714356941,0.0172453099859688,periodic_clean
ER,23,46,46,0.160306322046269,0.137825223566559,0.0170327650701059,periodic_clean
ER,24,48,48,0.159880320234611,0.137441174057074,0.0168447346331417,periodic_clean
ER,25,50,50,0.159476231130645,0.137071479423454,0.0166752860972303,periodic_clean
ER,26,52,52,0.159090917973256,0.136714412074475,0.0165203200904323,periodic_clean
ER,27,54,54,0.158722195709129,0.136368774117152,0.0163773799187243,periodic_clean
ER,28,56,56,0.158368599747059,0.136034018900051,0.0162452141457691,periodic_clean
ER,29,58,58,0.158029118042501,0.135710107562453,0.0161231038436554,periodic_clean
ER,30,60,60,0.157702918358708,0.135397025962125,0.0160101571575661,periodic_clean
ER,31,62,62,0.15738919378645,0.135094441815734,0.0159050738700828,periodic_clean
ER,32,64,64,0.157087152535884,0.134801698503265,0.0158063238503119,periodic_clean
ER,33,66,66,0.156796078700118,0.134518025677643,0.015712305413129,periodic_clean
ER,34,68,68,0.156515418472079,0.134242650884658,0.0156214579938066,periodic_clean
ER,35,70,70,0.156244835944671,0.133974756205225,0.0155328189273862,periodic_clean
ER,36,72,72,0.155984074227011,0.133713754756936,0.0154469701292001,periodic_clean
ER,37,74,74,0.155732645718628,0.133459420258269,0.0153654840279627,periodic_clean
ER,38,76,76,0.155489814646783,0.133211557829615,0.0152891212087565,periodic_clean
ER,39,78,78,0.155254839128485,0.132969794715513,0.0152175387965488,periodic_clean
ER,40,80,80,0.155027078051519,0.132733735876581,0.0151500687087491,periodic_clean
ER,41,82,82,0.154805961978121,0.132503080352528,0.0150861639630716,periodic_clean
ER,42,84,84,0.15459095878209,0.132277588486459,0.0150254565096856,periodic_clean
ER,43,86,86,0.154381568360703,0.13205702482548,0.0149676910952176,periodic_clean
ER,44,88,88,0.154177330413489,0.131841142066064,0.0149126444482407,periodic_clean
ER,45,90,90,0.153977825280401,0.131629625958954,0.0148600500035674,periodic_clean
ER,46,92,92,0.153782661836518,0.131422035180899,0.014809526912067,periodic_clean
ER,47,94,94,0.153591463189761,0.131217765222489,0.0147605215846515,periodic_clean
ER,48,96,96,0.153403882185567,0.131016065378062,0.0147123345643254,periodic_clean
ER,49,98,98,0.153219699205016,0.130816313542526,0.0146643736456134,periodic_clean
ER,50,100,100,0.153038982340312,0.130618454168584,0.0146166194414601,periodic_clean
ER,51,102,102,0.152862091867361,0.130423211978996,0.0145697882612691,periodic_clean
ER,52,104,104,0.152689422973509,0.130231620826714,0.014524745643268,periodic_clean
ER,53,106,106,0.152521177453329,0.130044347399901,0.014481924821188,periodic_clean
ER,54,108,108,0.152357355722466,0.129861521782455,0.0144413684049428,periodic_clean
ER,55,110,110,0.152197842902063,0.129682970962445,0.0144029994952363,periodic_clean
ER,56,112,112,0.152042468720904,0.12950849510922,0.0143667441784997,periodic_clean
ER,57,114,114,0.151891033214195,0.129337935361705,0.0143325265130851,periodic_clean
ER,58,116,116,0.151743321563498,0.12917114906854,0.0143002412464559,periodic_clean
ER,59,118,118,0.151599118140896,0.129008004681025,0.0142697479982623,periodic_clean
ER,60,120,120,0.151458218515578,0.128848375837063,0.0142408856140135,periodic_clean
ER,61,122,122,0.151320436726,0.128692126444388,0.0142134906746501,periodic_clean
ER,62,124,124,0.151185607792325,0.128539105111082,0.0141874105384958,periodic_clean
ER,63,126,126,0.151053586930678,0.128389157207931,0.0141625094795492,periodic_clean
ER,64,128,128,0.150924247256875,0.128242134561977,0.014138669355947,periodic_clean
ER,65,130,130,0.150797477310291,0.128097893458842,0.0141157871599297,periodic_clean
ER,66,132,132,0.150673179041391,0.127956291377575,0.0140937724936895,periodic_clean
ER,67,134,134,0.150551266126841,0.127817193486048,0.0140725490370997,periodic_clean
ER,68,136,136,0.150431661560188,0.127680495139377,0.0140520581717418,periodic_clean
ER,69,138,138,0.150314294366661,0.127546139550464,0.0140322525309596,periodic_clean
ER,70,140,140,0.150199097458049,0.127414100889353,0.0140130897396627,periodic_clean
ER,71,142,142,0.150086006128847,0.127284353141913,0.013994535076107,periodic_clean
ER,72,144,144,0.149974956986306,0.127156821719194,0.0139765546235789,periodic_clean
ER,73,146,146,0.149865889335501,0.127031367301703,0.0139591092730801,periodic_clean
ER,74,148,148,0.149758746558691,0.126907857622307,0.0139421525308621,periodic_clean
ER,75,150,150,0.149653474032095,0.126786231705381,0.0139256389029032,periodic_clean
ER,76,152,152,0.149550010747671,0.126666470806326,0.0139095519921635,periodic_clean
ER,77,154,154,0.149448282313413,0.126548539095581,0.0138939117355117,periodic_clean
ER,78,156,156,0.149348211305221,0.126432383016396,0.0138787270722777,periodic_clean
ER,79,158,158,0.149249734942264,0.126317936764266,0.0138639706376788,periodic_clean
ER,80,160,160,0.149152806116051,0.126205127453597,0.0138496068873757,periodic_clean
ER,81,162,162,0.149057386178455,0.126093880423254,0.0138356073185963,periodic_clean
ER,82,164,164,0.148963440986924,0.125984130003686,0.0138219427009362,periodic_clean
ER,83,166,166,0.148870939099977,0.125875829756808,0.0138085833107258,periodic_clean
ER,84,168,168,0.148779850142995,0.125768950322629,0.0137955026351317,periodic_clean
ER,85,170,170,0.148690143506112,0.125663466578011,0.0137826762138421,periodic_clean
ER,86,172,172,0.148601788262658,0.125559349697504,0.0137700791262066,periodic_clean
ER,87,174,174,0.148514753678059,0.125456570255323,0.0137576853673327,periodic_clean
ER,88,176,176,0.148429009330128,0.12535510546491,0.0137454715493021,periodic_clean
ER,89,178,178,0.148344524205649,0.125254939041715,0.0137334246255603,periodic_clean
ER,90,180,180,0.148261265428424,0.125156031452074,0.0137215428983247,periodic_clean
ER,91,182,182,0.148179199553292,0.125058293147453,0.0137098241299853,periodic_clean
ER,92,184,184,0.148098296282463,0.124961615531565,0.0136982553330986,periodic_clean
ER,93,186,186,0.148018530224952,0.124865910195424,0.0136868151701423,periodic_clean
ER,94,188,188,0.147939880264386,0.124771110429155,0.0136754800080963,periodic_clean
ER,95,190,190,0.147862328584609,0.124677160033905,0.0136642269804769,periodic_clean
ER,96,192,192,0.14778586012232,0.124584013447517,0.0136530354033587,periodic_clean
ER,97,194,194,0.147710462558956,0.124491641494238,0.0136418887092719,periodic_clean
ER,98,196,196,0.147636126419719,0.12440003353628,0.0136307759655136,periodic_clean
ER,99,198,198,0.14756284455503,0.124309193105359,0.0136196909456114,periodic_clean
ER,100,200,200,0.14749061117048,0.124219130480089,0.0136086303464389,periodic_clean
RAAR,0,0,0,0.655475183732924,0.250364933641618,0.596625191703185,periodic_clean
RAAR,1,2,2,0.208517622363552,0.176997931414775,0.0663439751352478,periodic_clean
RAAR,2,4,4,0.185966008831995,0.158820782769697,0.0393530671832727,periodic_clean
RAAR,3,6,6,0.176308278622163,0.151757972382316,0.0331095314924714,periodic_clean
RAAR,4,8,8,0.169497203277133,0.145631398492121,0.0292329340496733,periodic_clean
RAAR,5,10,10,0.164324608728948,0.140598064844032,0.0254933135957454,periodic_clean
RAAR,6,12,12,0.16053836508702,0.136352982861119,0.0228643517619015,periodic_clean
RAAR,7,14,14,0.157638917726842,0.133049947614571,0.0210878720525537,periodic_clean
RAAR,8,16,16,0.155326830904028,0.130627397078134,0.0200540350630649,periodic_clean
RAAR,9,18,18,0.153114648992435,0.128777581725873,0.0191985838424608,periodic_clean
RAAR,10,20,20,0.151017050729583,0.127005795599425,0.0184840710204237,periodic_clean
RAAR,11,22,22,0.149006475611872,0.125349092292985,0.0176681661199994,periodic_clean
RAAR,12,24,24,0.147045965009324,0.123532979394895,0.0171186785460682,periodic_clean
RAAR,13,26,26,0.145235212223503,0.121821692387887,0.0166714277839788,periodic_clean
RAAR,14,28,28,0.143309812825827,0.119974097339413,0.0161376100009046,periodic_clean
RAAR,15,30,30,0.141506932703688,0.118426434656559,0.0155705016819219,periodic_clean
RAAR,16,32,32,0.140020584616065,0.117057182889382,0.0151573725033791,periodic_clean
RAAR,17,34,34,0.138765153558697,0.115957009612608,0.0146749304772297,periodic_clean
RAAR,18,36,36,0.137700215484789,0.11473424599504,0.0142439932704465,periodic_clean
RAAR,19,38,38,0.136764849150041,0.113611480573446,0.0140476827147776,periodic_clean
RAAR,20,40,40,0.135869147644079,0.112961144399436,0.0139993041631792,periodic_clean
RAAR,21,42,42,0.135165454314862,0.112619965183401,0.0139703540138515,periodic_clean
RAAR,22,44,44,0.134281811243057,0.111995925994862,0.0137601646531478,periodic_clean
RAAR,23,46,46,0.133620842698243,0.111630578782762,0.0136568173034902,periodic_clean
RAAR,24,48,48,0.132895675972411,0.111109325793859,0.0135913809101303,periodic_clean
RAAR,25,50,50,0.132255181142615,0.110747530358581,0.0134961853485202,periodic_clean
RAAR,26,52,52,0.131595661107365,0.110214296277881,0.0134434986375408,periodic_clean
RAAR,27,54,54,0.130948497181717,0.109690804928522,0.013356786951338,periodic_clean
RAAR,28,56,56,0.130329290873609,0.10908717613508,0.0134232630098208,periodic_clean
RAAR,29,58,58,0.129717818505897,0.108505896536762,0.0133865950991302,periodic_clean
RAAR,30,60,60,0.129189815423094,0.107951349555592,0.0133356506701641,periodic_clean
RAAR,31,62,62,0.12861070122003,0.107484546303194,0.013222563734429,periodic_clean
RAAR,32,64,64,0.128166675526939,0.107000918065673,0.013157896225176,periodic_clean
RAAR,33,66,66,0.127673501557645,0.106601862609771,0.0130861770184386,periodic_clean
RAAR,34,68,68,0.127276217811709,0.106100914103075,0.0130809587690098,periodic_clean
RAAR,35,70,70,0.126792950909534,0.105634218637217,0.0130229128816275,periodic_clean
RAAR,36,72,72,0.126464284132622,0.105230183706293,0.0130783026017068,periodic_clean
RAAR,37,74,74,0.126112055645221,0.104958370054764,0.0129716654082248,periodic_clean
RAAR,38,76,76,0.125825185268182,0.104557615086369,0.0129184793935774,periodic_clean
RAAR,39,78,78,0.125461989113933,0.104287775950696,0.0128640514126608,periodic_clean
RAAR,40,80,80,0.12519861452471,0.103972403955408,0.012770751584181,periodic_clean
RAAR,41,82,82,0.124876871873527,0.103754446516106,0.0127817040025163,periodic_clean
RAAR,42,84,84,0.124699227841495,0.103546431192725,0.0126895999463432,periodic_clean
RAAR,43,86,86,0.124409530019124,0.103255981529424,0.0128447927636989,periodic_clean
RAAR,44,88,88,0.124190964689702,0.102997139919513,0.0127292105800643,periodic_clean
RAAR,45,90,90,0.123986601124286,0.102788430093101,0.0127253335598574,periodic_clean
RAAR,46,92,92,0.123764295353195,0.102621726046098,0.012712814331086,periodic_clean
RAAR,47,94,94,0.123442481649805,0.102359467319139,0.0128065324391848,periodic_clean
RAAR,48,96,96,0.123161046512692,0.102115240154624,0.0128490736828791,periodic_clean
RAAR,49,98,98,0.122914481079517,0.101884518212351,0.012776152589868,periodic_clean
RAAR,50,100,100,0.122714436340321,0.101700579420327,0.0128020456486207,periodic_clean
RAAR,51,102,102,0.12246812362518,0.101448827866466,0.0128730206190348,periodic_clean
RAAR,52,104,104,0.122296800566057,0.101293154698983,0.0129055236266519,periodic_clean
RAAR,53,106,106,0.122074782550008,0.101056694768559,0.0127850120752408,periodic_clean
RAAR,54,108,108,0.121910614732642,0.100941175723304,0.0128211462261934,periodic_clean
RAAR,55,110,110,0.121703781577709,0.100737951197503,0.0127481953213422,periodic_clean
RAAR,56,112,112,0.121592447938836,0.100658281148188,0.0126934587454211,periodic_clean
RAAR,57,114,114,0.121419947980104,0.100534750950307,0.0126461760961748,periodic_clean
RAAR,58,116,116,0.121371993033628,0.100477848013004,0.0126425066633688,periodic_clean
RAAR,59,118,118,0.12122206570754,0.100327312600442,0.0127038050773151,periodic_clean
RAAR,60,120,120,0.121175509519413,0.10026258405357,0.0126630334644228,periodic_clean
RAAR,61,122,122,0.121072619061627,0.100191322797696,0.0125569519195702,periodic_clean
RAAR,62,124,124,0.120992594015438,0.100064049697025,0.0125980023615352,periodic_clean
RAAR,63,126,126,0.120858075508406,0.0999156437785812,0.0125746883028352,periodic_clean
RAAR,64,128,128,0.120811699477181,0.0998412699578786,0.0125418552691326,periodic_clean
RAAR,65,130,130,0.120732114722236,0.0997558086196246,0.0125860880259591,periodic_clean
RAAR,66,132,132,0.120669684284136,0.0996252279016884,0.012587551666695,periodic_clean
RAAR,67,134,134,0.120521694723636,0.0995411425077947,0.0126235208110014,periodic_clean
RAAR,68,136,136,0.120423114988317,0.0993743404098189,0.0126708811623647,periodic_clean
RAAR,69,138,138,0.120239197617275,0.0992426980253955,0.0125978518038445,periodic_clean
RAAR,70,140,140,0.120158339100184,0.0991497965132891,0.0125709436815417,periodic_clean
RAAR,71,142,142,0.120009957993491,0.099021800603513,0.0125364528904926,periodic_clean
RAAR,72,144,144,0.119932871130514,0.0989669958354632,0.0126190322325795,periodic_clean
RAAR,73,146,146,0.119761233373523,0.0987739272369811,0.0125826520724098,periodic_clean
RAAR,74,148,148,0.119703428749926,0.0986970429886381,0.0127038263003878,periodic_clean
RAAR,75,150,150,0.119552583628823,0.0985036421568887,0.0126722865831099,periodic_clean
RAAR,76,152,152,0.119509232888023,0.0984930459710977,0.0126425261394365,periodic_clean
RAAR,77,154,154,0.119366457250244,0.098332398254662,0.0125929113916688,periodic_clean
RAAR,78,156,156,0.119363956388493,0.0983520082772801,0.0126098646430632,periodic_clean
RAAR,79,158,158,0.119237737023173,0.0982248783983138,0.0125662471956393,periodic_clean
RAAR,80,160,160,0.119224517299778,0.0982411055413343,0.0125459203430934,periodic_clean
RAAR,81,162,162,0.119122641295165,0.0981042422991517,0.0124814140055725,periodic_clean
RAAR,82,164,164,0.119161921375083,0.0980937379608298,0.0124786190328427,periodic_clean
RAAR,83,166,166,0.119076915264771,0.0979898815066092,0.0125073738638986,periodic_clean
RAAR,84,168,168,0.119116729851071,0.0979705896921961,0.0125593926532022,periodic_clean
RAAR,85,170,170,0.119033887093528,0.0978936327779916,0.0124884184195423,periodic_clean
RAAR,86,172,172,0.119057736019872,0.09784599784481,0.0124936541424877,periodic_clean
RAAR,87,174,174,0.118946341965787,0.0977274575697747,0.0124549076951149,periodic_clean
RAAR,88,176,176,0.118952292269958,0.0976795106364997,0.0124544774664905,periodic_clean
RAAR,89,178,178,0.118809033862954,0.0975670351753474,0.0124335185671965,periodic_clean
RAAR,90,180,180,0.118780118902791,0.097518396389336,0.0124557906227421,periodic_clean
RAAR,91,182,182,0.11861942293232,0.097383879042728,0.0124783660879983,periodic_clean
RAAR,92,184,184,0.118570711134547,0.0973467378720982,0.0124597025298437,periodic_clean
RAAR,93,186,186,0.118440268310655,0.0972710384475793,0.0124805621993944,periodic_clean
RAAR,94,188,188,0.118433599325747,0.0972784015340492,0.0124962527543636,periodic_clean
RAAR,95,190,190,0.118331493373816,0.0971748044592809,0.012480107986336,periodic_clean
RAAR,96,192,192,0.118315276597646,0.0972049424782384,0.0125168428895467,periodic_clean
RAAR,97,194,194,0.118209390622747,0.0970748399597723,0.0125306349023308,periodic_clean
RAAR,98,196,196,0.118226953107846,0.0970576804568176,0.0125401045247617,periodic_clean
RAAR,99,198,198,0.11813847101404,0.0969568066789916,0.0125302138546656,periodic_clean
RAAR,100,200,200,0.118165752887684,0.0969539447985871,0.012515794089355,periodic_clean
LBFGS,0,0,0,0.655475183732924,0.250364933641618,0.596625191703185,periodic_clean
LBFGS,0,2,2,0.655475183732924,0.250364933641618,0.596625191703185,periodic_clean
LBFGS,1,4,4,0.208517622363552,0.176997931414775,0.0663439751352478,periodic_clean
LBFGS,2,6,6,0.194543427982791,0.165933744824175,0.0467132539728595,periodic_clean
LBFGS,3,8,8,0.18077687666463,0.154568875178795,0.0318467802693324,periodic_clean
LBFGS,4,10,10,0.174658812192767,0.149424913363211,0.0263855601918365,periodic_clean
LBFGS,5,12,12,0.168746057476932,0.144329271251829,0.0222941210251883,periodic_clean
LBFGS,6,14,14,0.163758787387628,0.139728263164132,0.0196623086445929,periodic_clean
LBFGS,7,16,16,0.160384681426728,0.136686154900297,0.0179522937763568,periodic_clean
LBFGS,8,18,18,0.158300257878957,0.135110917300376,0.0167803854709286,periodic_clean
LBFGS,9,20,20,0.156232291081359,0.13333861704235,0.0158946229086028,periodic_clean
LBFGS,10,22,22,0.154662225069891,0.132132773851196,0.0153596636003236,periodic_clean
LBFGS,11,24,24,0.153552099897046,0.130669500424405,0.0149035580925887,periodic_clean
LBFGS,12,26,26,0.15223042316591,0.128983027678012,0.0145447419035729,periodic_clean
LBFGS,13,28,28,0.150972354028139,0.127315184464921,0.0142617204951188,periodic_clean
LBFGS,14,30,30,0.149453529897273,0.125535483417206,0.0139742977988361,periodic_clean
LBFGS,15,32,32,0.148503557985596,0.124471918541031,0.0137735455746423,periodic_clean
LBFGS,16,34,34,0.147728141677045,0.123684072329589,0.0136265624366346,periodic_clean
LBFGS,17,36,36,0.146778025583323,0.122444453647212,0.0134899115263193,periodic_clean
LBFGS,18,38,38,0.145925838224135,0.12146219996936,0.0133851701148177,periodic_clean
LBFGS,19,40,40,0.145505540699218,0.120709840169921,0.0133026682400985,periodic_clean
LBFGS,20,42,42,0.144942174103964,0.119987649296394,0.0132174651820813,periodic_clean
LBFGS,21,44,44,0.144392258967457,0.119011144749627,0.0131472827424211,periodic_clean
LBFGS,22,46,46,0.143837836267281,0.118356569474057,0.0130685428589511,periodic_clean
LBFGS,23,48,48,0.143445843861444,0.117768897282047,0.0130084978111795,periodic_clean
LBFGS,24,50,50,0.143175558646919,0.117470917189579,0.0129654095719493,periodic_clean
LBFGS,25,52,52,0.142912500043991,0.116838631011371,0.0129247227042085,periodic_clean
LBFGS,26,54,54,0.142614926000651,0.116304259401306,0.0128826024934301,periodic_clean
LBFGS,27,56,56,0.14253764797373,0.115738567909265,0.0128435166879111,periodic_clean
LBFGS,28,58,58,0.142465667264797,0.115333901747279,0.0128042721844933,periodic_clean
LBFGS,29,60,60,0.142572733750403,0.114847020146104,0.012765823165615,periodic_clean
LBFGS,30,62,62,0.142665201301739,0.114540103957995,0.0127309705585315,periodic_clean
LBFGS,31,64,64,0.143019808253352,0.114342426404424,0.0127030664147625,periodic_clean
LBFGS,32,66,66,0.143011857043924,0.114240804073498,0.0126798824293973,periodic_clean
LBFGS,33,68,68,0.143438196794921,0.114189366269748,0.012660478892049,periodic_clean
LBFGS,34,70,70,0.143434751747106,0.114139691128718,0.0126397044824285,periodic_clean
LBFGS,35,72,72,0.14378851032771,0.114132944870928,0.0126169387052533,periodic_clean
LBFGS,36,74,74,0.143912441083326,0.114133996864503,0.0125962611960996,periodic_clean
LBFGS,37,76,76,0.144443088188562,0.114248230962899,0.0125772735048503,periodic_clean
LBFGS,38,78,78,0.1451672976078,0.114497616443422,0.012554934628263,periodic_clean
LBFGS,39,80,80,0.146027151683009,0.114868101306648,0.012537054578449,periodic_clean
LBFGS,40,82,82,0.145974073035292,0.114926195581922,0.0125191694701234,periodic_clean
LBFGS,41,84,84,0.147174894431128,0.11558797420195,0.012504128278612,periodic_clean
LBFGS,42,86,86,0.146886700963579,0.115521101753348,0.0124886349159956,periodic_clean
LBFGS,43,88,88,0.147311670181459,0.115783844051273,0.0124756709358403,periodic_clean
LBFGS,44,90,90,0.148684193559619,0.11660867516354,0.012456760046105,periodic_clean
LBFGS,45,92,92,0.149780559620348,0.117296138416663,0.012441740163096,periodic_clean
LBFGS,46,94,94,0.150366304372154,0.117692867909051,0.0124269159632588,periodic_clean
LBFGS,47,96,96,0.151787892142626,0.118592359091262,0.0124113159770645,periodic_clean
LBFGS,48,98,98,0.152406193456012,0.119002688811954,0.0123999741462048,periodic_clean
LBFGS,49,100,100,0.154542821939535,0.120354073777509,0.0123884883425079,periodic_clean
LBFGS,50,102,102,0.154274552721171,0.120170196515781,0.0123757949193929,periodic_clean
LBFGS,51,104,104,0.155001484679541,0.120634512912208,0.0123637952996534,periodic_clean
LBFGS,52,106,106,0.156292112994349,0.121445785666987,0.0123499845770643,periodic_clean
LBFGS,53,108,108,0.158378788169174,0.122788764010177,0.0123364404973364,periodic_clean
LBFGS,54,110,110,0.158874933524468,0.12312759738113,0.0123224719027319,periodic_clean
LBFGS,55,112,112,0.160887857935776,0.124496663081676,0.0123118687703246,periodic_clean
LBFGS,56,114,114,0.161188235678995,0.124758618807189,0.0123005772268658,periodic_clean
LBFGS,57,116,116,0.162680810556594,0.12580517440393,0.0122887319451588,periodic_clean
LBFGS,58,118,118,0.163911066725819,0.126711932834866,0.0122757352139611,periodic_clean
LBFGS,59,120,120,0.165664564348882,0.127976676743206,0.0122643765212085,periodic_clean
LBFGS,60,122,122,0.166119880614341,0.128357146417541,0.0122523984220028,periodic_clean
LBFGS,61,124,124,0.16915709448961,0.13055969961003,0.0122422332586604,periodic_clean
LBFGS,62,126,126,0.16876508905767,0.130331971619453,0.0122294090672377,periodic_clean
LBFGS,63,128,128,0.169485873771617,0.130880148363992,0.0122205296265441,periodic_clean
LBFGS,64,130,130,0.170908453075379,0.131971735322337,0.0122091545586554,periodic_clean
LBFGS,65,132,132,0.172281838081542,0.133050162028883,0.0121985223124976,periodic_clean
LBFGS,66,134,134,0.17362831777385,0.134114162122356,0.0121876599001379,periodic_clean
LBFGS,67,136,136,0.174856430572307,0.13509859092345,0.0121764131574639,periodic_clean
LBFGS,68,138,138,0.177438215432231,0.137082901712953,0.0121679746280723,periodic_clean
LBFGS,69,140,140,0.177712315418195,0.137369736398842,0.0121629400135326,periodic_clean
LBFGS,70,142,142,0.179247103686087,0.138514636210758,0.012151141943101,periodic_clean
LBFGS,71,144,144,0.180393421558913,0.139393011353114,0.0121444498077418,periodic_clean
LBFGS,72,146,146,0.181700285000444,0.140417156590075,0.0121353974018159,periodic_clean
LBFGS,73,148,148,0.18406057176153,0.142305625657117,0.0121275165090838,periodic_clean
LBFGS,74,150,150,0.183936320457119,0.142249417856315,0.0121182482333249,periodic_clean
LBFGS,75,152,152,0.1860834913446,0.143968105672528,0.0121114245117569,periodic_clean
LBFGS,76,154,154,0.186336185719811,0.144226883899381,0.0121042335072262,periodic_clean
LBFGS,77,156,156,0.18833617720855,0.145863175317999,0.0120967484449684,periodic_clean
LBFGS,78,158,158,0.190094703553471,0.147334210020149,0.0120888814344333,periodic_clean
LBFGS,79,160,160,0.192525512375032,0.149343010322339,0.0120823000503236,periodic_clean
LBFGS,80,162,162,0.192128818493569,0.149084404959003,0.0120758247955438,periodic_clean
LBFGS,81,164,164,0.193403136048898,0.150174243586984,0.0120693606202081,periodic_clean
LBFGS,82,166,166,0.19425242047825,0.150973401318695,0.0120621993616775,periodic_clean
LBFGS,83,168,168,0.19615648104611,0.15268941144285,0.0120551712847168,periodic_clean
LBFGS,84,170,170,0.195538018009546,0.15227841509265,0.0120482805991714,periodic_clean
LBFGS,85,172,172,0.19673992427593,0.153308513286515,0.0120430113151589,periodic_clean
LBFGS,86,174,174,0.197542191209759,0.154030417520094,0.0120371256105304,periodic_clean
LBFGS,87,176,176,0.199401041220351,0.155637919354247,0.0120315680878935,periodic_clean
LBFGS,88,178,178,0.199953027843073,0.156128408041513,0.0120252087681177,periodic_clean
LBFGS,89,180,180,0.201389297517111,0.15739274397718,0.0120197522710929,periodic_clean
LBFGS,90,182,182,0.20200422436839,0.157901243254189,0.0120142243938709,periodic_clean
LBFGS,91,184,184,0.203395611754061,0.159088693925018,0.0120088293433044,periodic_clean
LBFGS,92,186,186,0.204463519775223,0.159969081490918,0.0120029559706417,periodic_clean
LBFGS,93,188,188,0.206413502833432,0.161599563847416,0.0119977678606023,periodic_clean
LBFGS,94,190,190,0.206430122965561,0.16160331174994,0.0119924495403256,periodic_clean
LBFGS,95,192,192,0.207867098116217,0.16280692731733,0.0119872080876197,periodic_clean
LBFGS,96,194,194,0.208569418400356,0.163391171888362,0.0119821153240206,periodic_clean
LBFGS,97,196,196,0.210259811576131,0.164800107156158,0.0119767647735948,periodic_clean
LBFGS,98,198,198,0.210862540953986,0.165298635509101,0.0119715707560307,periodic_clean
LBFGS,99,200,200,0.212279084153461,0.16647032715438,0.0119669978867663,periodic_clean
HIO,0,0,0,0.673865672403492,0.258357426288318,0.616464877380298,aperiodic_clean
HIO,1,2,2,0.209522564587608,0.175444264881375,0.0723124694500513,aperiodic_clean
HIO,2,4,4,0.189611993302546,0.15902507270421,0.0467598543704311,aperiodic_clean
HIO,3,6,6,0.178433207213623,0.150494788042921,0.0365522949315388,aperiodic_clean
HIO,4,8,8,0.170863910678109,0.144591074472245,0.0314391263419704,aperiodic_clean
HIO,5,10,10,0.165323597668676,0.140099328114458,0.0285143260208145,aperiodic_clean
HIO,6,12,12,0.160273271860997,0.135742362855061,0.0263651649512425,aperiodic_clean
HIO,7,14,14,0.15618782524535,0.131923887132697,0.0245761744757056,aperiodic_clean
HIO,8,16,16,0.152852883973339,0.128563137907488,0.0231677283170052,aperiodic_clean
HIO,9,18,18,0.150144040131628,0.125637559086135,0.0221118716156164,aperiodic_clean
HIO,10,20,20,0.147987911134396,0.12323691251108,0.0213585696952829,aperiodic_clean
HIO,11,22,22,0.146477886868091,0.121489286153384,0.0209204519811686,aperiodic_clean
HIO,12,24,24,0.145608933176414,0.120430279758275,0.020781718458751,aperiodic_clean
HIO,13,26,26,0.145040530364539,0.119718769725648,0.0206094962889978,aperiodic_clean
HIO,14,28,28,0.14449370237247,0.119119982659764,0.0205230559632826,aperiodic_clean
HIO,15,30,30,0.14400968782575,0.118407952750111,0.0204544829581935,aperiodic_clean
HIO,16,32,32,0.143449951063813,0.11768660351744,0.0203385531542183,aperiodic_clean
HIO,17,34,34,0.142620332240233,0.116698142694515,0.0202192443339201,aperiodic_clean
HIO,18,36,36,0.141402492347861,0.115332191602127,0.0201047672258909,aperiodic_clean
HIO,19,38,38,0.140422263669539,0.114388122977636,0.019874715723069,aperiodic_clean
HIO,20,40,40,0.139425676381069,0.113548808922954,0.0196660348962073,aperiodic_clean
HIO,21,42,42,0.138325145999722,0.11260035182309,0.0195764045683931,aperiodic_clean
HIO,22,44,44,0.137475301878216,0.111846170734324,0.0193890279452618,aperiodic_clean
HIO,23,46,46,0.136682997067655,0.110984014065254,0.0193673927702331,aperiodic_clean
HIO,24,48,48,0.136066973255188,0.110087530811804,0.019668057262743,aperiodic_clean
HIO,25,50,50,0.135558548241644,0.109312947455629,0.0197114093388813,aperiodic_clean
HIO,26,52,52,0.135167206280368,0.10875514772544,0.0198102601273098,aperiodic_clean
HIO,27,54,54,0.134837433429288,0.108278980861173,0.0200387954779019,aperiodic_clean
HIO,28,56,56,0.134589066984828,0.107927187537655,0.0203762854934459,aperiodic_clean
HIO,29,58,58,0.13446467179427,0.10749077539772,0.0205762494150605,aperiodic_clean
HIO,30,60,60,0.134361452677522,0.107074294165675,0.0203756968511905,aperiodic_clean
HIO,31,62,62,0.134059984711234,0.106524717527748,0.0203464984416485,aperiodic_clean
HIO,32,64,64,0.133891124260754,0.106075093079167,0.0206244028826488,aperiodic_clean
HIO,33,66,66,0.133756751952283,0.105605339573555,0.0213434503651007,aperiodic_clean
HIO,34,68,68,0.133528749219794,0.105245462725584,0.0216695341082045,aperiodic_clean
HIO,35,70,70,0.133011438217322,0.104663011672155,0.0215312533008335,aperiodic_clean
HIO,36,72,72,0.13210375551731,0.103885482757322,0.0212016595211058,aperiodic_clean
HIO,37,74,74,0.131371298175948,0.103242118325821,0.0211596979875708,aperiodic_clean
HIO,38,76,76,0.130817064628887,0.102419442612881,0.0211435039889737,aperiodic_clean
HIO,39,78,78,0.130571016060178,0.101719141863488,0.021425106519516,aperiodic_clean
HIO,40,80,80,0.130192941623072,0.100927371409461,0.0214177912734126,aperiodic_clean
HIO,41,82,82,0.12960524042929,0.100028235602141,0.0212936006560044,aperiodic_clean
HIO,42,84,84,0.129147777129449,0.0992739407251246,0.0216604038141366,aperiodic_clean
HIO,43,86,86,0.128911273577481,0.0987593448866694,0.0217944749595349,aperiodic_clean
HIO,44,88,88,0.128722602937713,0.0983834705080399,0.0215200305632674,aperiodic_clean
HIO,45,90,90,0.128487746812738,0.0980180777556487,0.0210861347722582,aperiodic_clean
HIO,46,92,92,0.12843651060169,0.0979465546964322,0.0211906782872309,aperiodic_clean
HIO,47,94,94,0.128542374309071,0.0981043615824922,0.0214855241861049,aperiodic_clean
HIO,48,96,96,0.128424425849127,0.0980205716493307,0.0214215924097743,aperiodic_clean
HIO,49,98,98,0.128351607228974,0.0980699056865703,0.021081906664234,aperiodic_clean
HIO,50,100,100,0.128269873040477,0.0982195925410742,0.021137228875215,aperiodic_clean
HIO,51,102,102,0.128231383554293,0.0982325189645779,0.0212072720619367,aperiodic_clean
HIO,52,104,104,0.128425541088484,0.0984654589229527,0.0215129018610279,aperiodic_clean
HIO,53,106,106,0.128756151836887,0.0987831424253577,0.0220563060162266,aperiodic_clean
HIO,54,108,108,0.128808398327312,0.0988592113728514,0.022236686449626,aperiodic_clean
HIO,55,110,110,0.128865799514021,0.0985848489849168,0.0225271740497926,aperiodic_clean
HIO,56,112,112,0.129095446682027,0.0984031966950611,0.022648824514489,aperiodic_clean
HIO,57,114,114,0.12936689481862,0.0985817457777138,0.0225349852131779,aperiodic_clean
HIO,58,116,116,0.129761943133326,0.0990234949699195,0.0224997892997595,aperiodic_clean
HIO,59,118,118,0.130219827681221,0.0994793879942786,0.0225776577009454,aperiodic_clean
HIO,60,120,120,0.13027204542312,0.0995757780450446,0.0224884472618712,aperiodic_clean
HIO,61,122,122,0.130520946987964,0.0995874994476035,0.022022641162757,aperiodic_clean
HIO,62,124,124,0.130721418879644,0.099390235609166,0.0216588710873956,aperiodic_clean
HIO,63,126,126,0.130586591550487,0.0986612866502746,0.0214452489365543,aperiodic_clean
HIO,64,128,128,0.130374968966033,0.0979659923933821,0.0217458101402449,aperiodic_clean
HIO,65,130,130,0.130269350519843,0.0971602518692693,0.0219107201037711,aperiodic_clean
HIO,66,132,132,0.130389893709894,0.0965805890056932,0.0217184365408298,aperiodic_clean
HIO,67,134,134,0.130755822777863,0.0963897026868735,0.0219487344968065,aperiodic_clean
HIO,68,136,136,0.131265231643241,0.0963601498353949,0.0223070861758699,aperiodic_clean
HIO,69,138,138,0.131824920907676,0.0962416019512003,0.0227281865591544,aperiodic_clean
HIO,70,140,140,0.131961171394319,0.0958093438047906,0.0224526254725795,aperiodic_clean
HIO,71,142,142,0.132009041472453,0.095369105603161,0.0221184409126041,aperiodic_clean
HIO,72,144,144,0.13199376406025,0.0949671950270888,0.0217899266506409,aperiodic_clean
HIO,73,146,146,0.131938932595362,0.0946096000913799,0.0216871833110374,aperiodic_clean
HIO,74,148,148,0.131820113146044,0.0943836168710761,0.0216485075003254,aperiodic_clean
HIO,75,150,150,0.131411860829554,0.094071048654157,0.0212060098580572,aperiodic_clean
HIO,76,152,152,0.131094322571049,0.0938459635720443,0.0211537623596506,aperiodic_clean
HIO,77,154,154,0.130925385903287,0.0935762466392426,0.0214323707233928,aperiodic_clean
HIO,78,156,156,0.130487393202004,0.0932084806481074,0.0214377035216618,aperiodic_clean
HIO,79,158,158,0.130019074391076,0.092826817967237,0.0214597975896245,aperiodic_clean
HIO,80,160,160,0.129759979544851,0.0925176857824525,0.0216057683699043,aperiodic_clean
HIO,81,162,162,0.129670791425465,0.0923502193057047,0.0220807646898916,aperiodic_clean
HIO,82,164,164,0.129654886254065,0.0923267191508318,0.0224077130226923,aperiodic_clean
HIO,83,166,166,0.12927664871943,0.0921171898274299,0.0224577642741481,aperiodic_clean
HIO,84,168,168,0.128747599973181,0.0916080086798916,0.0226720390388399,aperiodic_clean
HIO,85,170,170,0.12811856578167,0.09104994093877,0.0224066317939321,aperiodic_clean
HIO,86,172,172,0.127774807233187,0.0910541588073956,0.0218196680842786,aperiodic_clean
HIO,87,174,174,0.127591227695933,0.0913554888429943,0.0214366302482518,aperiodic_clean
HIO,88,176,176,0.127329089017742,0.091861699481224,0.0211077906867177,aperiodic_clean
HIO,89,178,178,0.126973344879514,0.0922989316008195,0.0209915014046808,aperiodic_clean
HIO,90,180,180,0.126646904435254,0.0926275924737125,0.021050313476077,aperiodic_clean
HIO,91,182,182,0.126424116339876,0.0929408759838808,0.0211118200756586,aperiodic_clean
HIO,92,184,184,0.12639220979466,0.093158258311801,0.0211123006266485,aperiodic_clean
HIO,93,186,186,0.126606053819823,0.0935008419062717,0.0215309269721241,aperiodic_clean
HIO,94,188,188,0.126819445238819,0.0938841301254241,0.0217607630643671,aperiodic_clean
HIO,95,190,190,0.127052896166394,0.0939394345072705,0.0219416924615112,aperiodic_clean
HIO,96,192,192,0.127212759000133,0.0939211907894717,0.0221857703586705,aperiodic_clean
HIO,97,194,194,0.127284228137836,0.0938056968280655,0.0225730952396182,aperiodic_clean
HIO,98,196,196,0.127201242190166,0.0937990243963869,0.0226712151473123,aperiodic_clean
HIO,99,198,198,0.126988618628459,0.0937475434656966,0.0225093896641783,aperiodic_clean
HIO,100,200,200,0.126745634105066,0.0935172719987641,0.022398957127669,aperiodic_clean
ER,0,0,0,0.673865672403492,0.258357426288318,0.616464877380298,aperiodic_clean
ER,1,2,2,0.209522564587608,0.175444264881375,0.0723124694500513,aperiodic_clean
ER,2,4,4,0.193087578100147,0.161987503914581,0.0505401431549937,aperiodic_clean
ER,3,6,6,0.184275419871722,0.155385094609703,0.0413860613548486,aperiodic_clean
ER,4,8,8,0.178388764379664,0.150983812145074,0.0364684068601784,aperiodic_clean
ER,5,10,10,0.173972449296834,0.147602941130772,0.0332771063181847,aperiodic_clean
ER,6,12,12,0.170458714687307,0.144785420004932,0.0309414421377468,aperiodic_clean
ER,7,14,14,0.167549120166875,0.142358043074101,0.0290997361509484,aperiodic_clean
ER,8,16,16,0.165081599486281,0.140252777551825,0.0276281192904605,aperiodic_clean
ER,9,18,18,0.162943772902893,0.138403250175876,0.0264185034818676,aperiodic_clean
ER,10,20,20,0.161049781895205,0.136737282202432,0.0253508514527652,aperiodic_clean
ER,11,22,22,0.159349529524768,0.135211483283599,0.0243609025427392,aperiodic_clean
ER,12,24,24,0.157816533846778,0.13381381155301,0.0234525477534516,aperiodic_clean
ER,13,26,26,0.156432105139199,0.132540794564604,0.0226524802427913,aperiodic_clean
ER,14,28,28,0.155174854968896,0.131380039507146,0.0219561055113888,aperiodic_clean
ER,15,30,30,0.154023785379834,0.130314103724064,0.0213417393913216,aperiodic_clean
ER,16,32,32,0.15296204990832,0.129328042639536,0.0207906755239233,aperiodic_clean
ER,17,34,34,0.151976926347998,0.12841081524834,0.0202909135101988,aperiodic_clean
ER,18,36,36,0.151058766751994,0.1275553424298,0.0198344311144431,aperiodic_clean
ER,19,38,38,0.150200456088287,0.126756725000134,0.0194154677175393,aperiodic_clean
ER,20,40,40,0.149397093813683,0.126011307544345,0.0190303241539263,aperiodic_clean
ER,21,42,42,0.148645374090441,0.125316340861646,0.0186772700358519,aperiodic_clean
ER,22,44,44,0.147942601241394,0.124669357251377,0.0183556158703551,aperiodic_clean
ER,23,46,46,0.1472858239537,0.124067712530768,0.0180646485597488,aperiodic_clean
ER,24,48,48,0.146671434984107,0.123507902676248,0.0178029987607302,aperiodic_clean
ER,25,50,50,0.146095307780914,0.12298538891859,0.0175683085249732,aperiodic_clean
ER,26,52,52,0.145553073944378,0.122496610227483,0.0173578671192203,aperiodic_clean
ER,27,54,54,0.145040559937867,0.122036855762213,0.0171684873339077,aperiodic_clean
ER,28,56,56,0.14455405869748,0.121602414180956,0.0169970957145728,aperiodic_clean
ER,29,58,58,0.144090419658965,0.121190222233638,0.0168409087196279,aperiodic_clean
ER,30,60,60,0.143647027582058,0.120797537441315,0.0166974853953779,aperiodic_clean
ER,31,62,62,0.143221736768308,0.120421886814096,0.0165647406985952,aperiodic_clean
ER,32,64,64,0.142812807701607,0.120061190553707,0.0164409832410483,aperiodic_clean
ER,33,66,66,0.142418848229554,0.119713996904977,0.0163249144322222,aperiodic_clean
ER,34,68,68,0.142038733993885,0.119379478096165,0.0162154998452882,aperiodic_clean
ER,35,70,70,0.141671505139415,0.119057082942178,0.0161120434069093,aperiodic_clean
ER,36,72,72,0.141316256628743,0.118746267289576,0.0160143889941456,aperiodic_clean
ER,37,74,74,0.140972135734073,0.118446476933055,0.0159222733625403,aperiodic_clean
ER,38,76,76,0.140638461036929,0.118157173507983,0.0158351335617145,aperiodic_clean
ER,39,78,78,0.140314702691409,0.11787777129597,0.0157524883351425,aperiodic_clean
ER,40,80,80,0.140000379057161,0.117607656438366,0.0156738929709127,aperiodic_clean
ER,41,82,82,0.139694981254545,0.117346294735806,0.0155987212834618,aperiodic_clean
ER,42,84,84,0.139397901018843,0.117093279758829,0.0155260070930141,aperiodic_clean
ER,43,86,86,0.139108519147655,0.11684811778532,0.0154552288160649,aperiodic_clean
ER,44,88,88,0.138826588813698,0.116609581415867,0.0153873413582963,aperiodic_clean
ER,45,90,90,0.138551950881074,0.116376454736314,0.01532315895038,aperiodic_clean
ER,46,92,92,0.138284175828627,0.116148173595117,0.0152626865972221,aperiodic_clean
ER,47,94,94,0.13802267080094,0.115924468943796,0.015205507217815,aperiodic_clean
ER,48,96,96,0.137766832522307,0.115705145347819,0.0151510450104614,aperiodic_clean
ER,49,98,98,0.137516122142911,0.115489958339622,0.0150987561458435,aperiodic_clean
ER,50,100,100,0.137270075531605,0.115278617616026,0.0150481996978493,aperiodic_clean
ER,51,102,102,0.13702829173505,0.115070799468748,0.01499902804096,aperiodic_clean
ER,52,104,104,0.136790423623566,0.114866218412843,0.0149509598147234,aperiodic_clean
ER,53,106,106,0.136556171633829,0.114664642596896,0.0149037621546785,aperiodic_clean
ER,54,108,108,0.13632527975146,0.114465841923508,0.0148572512089926,aperiodic_clean
ER,55,110,110,0.136097534038336,0.114269587837463,0.0148112717331576,aperiodic_clean
ER,56,112,112,0.135872761947373,0.114075736274173,0.0147656667133289,aperiodic_clean
ER,57,114,114,0.135650836737273,0.113884147280102,0.0147203043102469,aperiodic_clean
ER,58,116,116,0.13543167869987,0.113694554405069,0.0146751099063229,aperiodic_clean
ER,59,118,118,0.135215254771398,0.113506626052861,0.0146300505207024,aperiodic_clean
ER,60,120,120,0.135001586892443,0.113320165571756,0.0145850985654354,aperiodic_clean
ER,61,122,122,0.134790768724912,0.113135174079026,0.0145402560315762,aperiodic_clean
ER,62,124,124,0.134582974042057,0.112951814678118,0.0144956165540623,aperiodic_clean
ER,63,126,126,0.134378441802711,0.112770437337976,0.0144513933288901,aperiodic_clean
ER,64,128,128,0.134177435650816,0.112591550327265,0.0144078805854726,aperiodic_clean
ER,65,130,130,0.13398019198835,0.112415711802192,0.0143653654293667,aperiodic_clean
ER,66,132,132,0.133786888897202,0.112243398375452,0.0143240527917082,aperiodic_clean
ER,67,134,134,0.133597652018169,0.112074897516968,0.0142840676974988,aperiodic_clean
ER,68,136,136,0.133412576333499,0.111910333933752,0.0142455058153199,aperiodic_clean
ER,69,138,138,0.133231738876305,0.111749741808558,0.0142084594864309,aperiodic_clean
ER,70,140,140,0.133055196239915,0.111593086475925,0.0141730124147711,aperiodic_clean
ER,71,142,142,0.132882974481142,0.111440298731564,0.0141392232266335,aperiodic_clean
ER,72,144,144,0.132715059342577,0.111291285895763,0.0141071109083851,aperiodic_clean
ER,73,146,146,0.132551392182879,0.111145932645382,0.0140766498819456,aperiodic_clean
ER,74,148,148,0.132391873122927,0.111004104197201,0.0140477748921245,aperiodic_clean
ER,75,150,150,0.132236369348112,0.110865644283693,0.0140203901462763,aperiodic_clean
ER,76,152,152,0.132084725596863,0.11073037503196,0.0139943801466107,aperiodic_clean
ER,77,154,154,0.131936774162361,0.110598112246821,0.0139696214917314,aperiodic_clean
ER,78,156,156,0.131792342741286,0.11046868478025,0.0139459922206207,aperiodic_clean
ER,79,158,158,0.131651260034034,0.110341940000292,0.0139233769284364,aperiodic_clean
ER,80,160,160,0.131513359399232,0.110217740583076,0.0139016690657072,aperiodic_clean
ER,81,162,162,0.131378480817897,0.110095969403949,0.013880771440929,aperiodic_clean
ER,82,164,164,0.131246471925139,0.109976536480133,0.0138605954624438,aperiodic_clean
ER,83,166,166,0.131117188762763,0.109859371262011,0.013841060566352,aperiodic_clean
ER,84,168,168,0.130990496297641,0.109744406760863,0.0138220950625341,aperiodic_clean
ER,85,170,170,0.130866268723228,0.109631573901193,0.0138036385141865,aperiodic_clean
ER,86,172,172,0.130744389881282,0.109520807368893,0.0137856449575798,aperiodic_clean
ER,87,174,174,0.130624753749877,0.109412053099397,0.013768086334832,aperiodic_clean
ER,88,176,176,0.130507265095102,0.109305260991556,0.0137509542257427,aperiodic_clean
ER,89,178,178,0.130391840835267,0.109200362595454,0.0137342556124276,aperiodic_clean
ER,90,180,180,0.130278410452666,0.109097271792801,0.0137180036270748,aperiodic_clean
ER,91,182,182,0.130166915188716,0.108995903515949,0.0137022083478795,aperiodic_clean
ER,92,184,184,0.130057307247755,0.108896176046975,0.0136868707749546,aperiodic_clean
ER,93,186,186,0.12994954866803,0.108798011270474,0.0136719817335241,aperiodic_clean
ER,94,188,188,0.12984360907667,0.108701346793746,0.0136575248054685,aperiodic_clean
ER,95,190,190,0.1297394624779,0.108606145803623,0.013643480402033,aperiodic_clean
ER,96,192,192,0.129637083929811,0.108512395258721,0.0136298285239647,aperiodic_clean
ER,97,194,194,0.129536447185723,0.108420098216815,0.0136165487788944,aperiodic_clean
ER,98,196,196,0.129437524777464,0.108329251053972,0.013603619467313,aperiodic_clean
ER,99,198,198,0.129340287198278,0.108239799949221,0.0135910253701645,aperiodic_clean
ER,100,200,200,0.129244695287711,0.108151664167726,0.0135787677276466,aperiodic_clean
RAAR,0,0,0,0.673865672403492,0.258357426288318,0.616464877380298,aperiodic_clean
RAAR,1,2,2,0.209522564587608,0.175444264881375,0.0723124694500513,aperiodic_clean
RAAR,2,4,4,0.182618473065617,0.152626427464518,0.0427286520783417,aperiodic_clean
RAAR,3,6,6,0.169781723618251,0.14353357819428,0.036171286012419,aperiodic_clean
RAAR,4,8,8,0.161167459844874,0.136858441150704,0.0323581230164929,aperiodic_clean
RAAR,5,10,10,0.154200077115602,0.130631879888968,0.0284242160044094,aperiodic_clean
RAAR,6,12,12,0.149409385705915,0.125660431843049,0.0255641265498102,aperiodic_clean
RAAR,7,14,14,0.145609682858757,0.121511827038832,0.0233864513395584,aperiodic_clean
RAAR,8,16,16,0.142548552122197,0.118162499823142,0.0214691840358663,aperiodic_clean
RAAR,9,18,18,0.140119301279443,0.116080722918997,0.0203269317146784,aperiodic_clean
RAAR,10,20,20,0.138342258010732,0.114486243227577,0.0195244097054787,aperiodic_clean
RAAR,11,22,22,0.136388228724185,0.113072478650617,0.0189734594188737,aperiodic_clean
RAAR,12,24,24,0.134786312021616,0.111900063749273,0.0182524231575062,aperiodic_clean
RAAR,13,26,26,0.132767993411949,0.110271190307893,0.0180014888514937,aperiodic_clean
RAAR,14,28,28,0.130868832944402,0.108962279473672,0.017346305163884,aperiodic_clean
RAAR,15,30,30,0.129173989578289,0.107255739341815,0.0165072657918539,aperiodic_clean
RAAR,16,32,32,0.127684421383572,0.106153486538656,0.0159621798681342,aperiodic_clean
RAAR,17,34,34,0.125994711194267,0.104357502419896,0.0156099409236915,aperiodic_clean
RAAR,18,36,36,0.124770582228747,0.103452778790242,0.0153674742553165,aperiodic_clean
RAAR,19,38,38,0.123424266368822,0.101975038321716,0.0152535112282373,aperiodic_clean
RAAR,20,40,40,0.122455989360932,0.101197258308195,0.0150079662760668,aperiodic_clean
RAAR,21,42,42,0.121315495018216,0.0998738612354702,0.0149214512095254,aperiodic_clean
RAAR,22,44,44,0.12055633482997,0.099076807678153,0.0145665698244067,aperiodic_clean
RAAR,23,46,46,0.119791826599063,0.0980808635519338,0.0143980464326534,aperiodic_clean
RAAR,24,48,48,0.11920592682655,0.0974084843305352,0.0141498150998661,aperiodic_clean
RAAR,25,50,50,0.118608919666679,0.0968234009793342,0.0140025165432398,aperiodic_clean
RAAR,26,52,52,0.118034870331383,0.0961960743836787,0.0138518982181606,aperiodic_clean
RAAR,27,54,54,0.117526742839381,0.0956843154267437,0.0137061731372079,aperiodic_clean
RAAR,28,56,56,0.116979520701147,0.0951984329717465,0.0137059962724789,aperiodic_clean
RAAR,29,58,58,0.116441335222696,0.0947324697885454,0.0136243227456217,aperiodic_clean
RAAR,30,60,60,0.11578002387902,0.0941787135606974,0.0135738779178187,aperiodic_clean
RAAR,31,62,62,0.115171133615185,0.0937200527015799,0.0134371809266339,aperiodic_clean
RAAR,32,64,64,0.114595992752021,0.0932848584992853,0.0134094512598578,aperiodic_clean
RAAR,33,66,66,0.114012241793405,0.0927831306342821,0.0133568258498674,aperiodic_clean
RAAR,34,68,68,0.113451493512484,0.0923452733443735,0.0132825803972484,aperiodic_clean
RAAR,35,70,70,0.112946018541175,0.0918139040199668,0.0132865770549498,aperiodic_clean
RAAR,36,72,72,0.11243179259818,0.091454920571456,0.0132637506104976,aperiodic_clean
RAAR,37,74,74,0.111969805322493,0.090836497830794,0.0132263454257558,aperiodic_clean
RAAR,38,76,76,0.111522086636694,0.0905482034921682,0.013217023913887,aperiodic_clean
RAAR,39,78,78,0.111151203205991,0.0900315271212373,0.0130987872863974,aperiodic_clean
RAAR,40,80,80,0.110727661331809,0.0898051336485804,0.0131389248953726,aperiodic_clean
RAAR,41,82,82,0.110385016670526,0.0892507761496733,0.0130039571310436,aperiodic_clean
RAAR,42,84,84,0.110067415933611,0.0890906776967812,0.0130381617061684,aperiodic_clean
RAAR,43,86,86,0.109833326931798,0.0886616084349488,0.0129540670183023,aperiodic_clean
RAAR,44,88,88,0.109533074847439,0.0885018024578075,0.0129895600404681,aperiodic_clean
RAAR,45,90,90,0.1092041957896,0.0880467788350466,0.0129117397684334,aperiodic_clean
RAAR,46,92,92,0.108850157458187,0.0878231723931057,0.012954692402228,aperiodic_clean
RAAR,47,94,94,0.108426922161119,0.0873020407156176,0.0127737389893288,aperiodic_clean
RAAR,48,96,96,0.108043699097413,0.0869967931367754,0.0125815407262998,aperiodic_clean
RAAR,49,98,98,0.107571988754209,0.0864050374016502,0.0122720478587184,aperiodic_clean
RAAR,50,100,100,0.107344963386091,0.0862368072853645,0.012173023053771,aperiodic_clean
RAAR,51,102,102,0.106972909572211,0.0857095736453173,0.0120373071457678,aperiodic_clean
RAAR,52,104,104,0.106843216211312,0.085646457611762,0.012042224071168,aperiodic_clean
RAAR,53,106,106,0.106599521814632,0.0852707279395171,0.0119443494730861,aperiodic_clean
RAAR,54,108,108,0.106542428867945,0.0852684029020097,0.0119816559277425,aperiodic_clean
RAAR,55,110,110,0.106356615401519,0.0849696434146094,0.0119332084684941,aperiodic_clean
RAAR,56,112,112,0.106306281151481,0.0849535565963328,0.0119611822951517,aperiodic_clean
RAAR,57,114,114,0.106118327050835,0.0847142012663123,0.011889692166973,aperiodic_clean
RAAR,58,116,116,0.106015912877711,0.0846237104109121,0.0119506906064756,aperiodic_clean
RAAR,59,118,118,0.105839496287998,0.0844474756465197,0.0119145924324076,aperiodic_clean
RAAR,60,120,120,0.105743682784457,0.0842758351372419,0.0119569730879822,aperiodic_clean
RAAR,61,122,122,0.105547168097006,0.0840580023015285,0.0118895337446907,aperiodic_clean
RAAR,62,124,124,0.105420315958665,0.0838722223092617,0.0119328304857838,aperiodic_clean
RAAR,63,126,126,0.105220541808015,0.0837104913726879,0.0119269274929529,aperiodic_clean
RAAR,64,128,128,0.105117919391889,0.0835075868763092,0.0118679875234649,aperiodic_clean
RAAR,65,130,130,0.104952134913329,0.0834036053405339,0.0118923419965182,aperiodic_clean
RAAR,66,132,132,0.104853292989853,0.0832065186959255,0.0118905200311841,aperiodic_clean
RAAR,67,134,134,0.104656045079388,0.0831137254421817,0.0118791479482041,aperiodic_clean
RAAR,68,136,136,0.104607470356958,0.0830373614057212,0.0118836697446852,aperiodic_clean
RAAR,69,138,138,0.104482150063758,0.0829684697852158,0.0118352821803514,aperiodic_clean
RAAR,70,140,140,0.104483563655432,0.0829566055546177,0.0119017894891052,aperiodic_clean
RAAR,71,142,142,0.104383539671714,0.0828681492963244,0.0118218236172313,aperiodic_clean
RAAR,72,144,144,0.104392300483247,0.082849832269069,0.0118688988221335,aperiodic_clean
RAAR,73,146,146,0.104275350886819,0.0827121442475379,0.0117935930189093,aperiodic_clean
RAAR,74,148,148,0.104276373832767,0.0827015881968271,0.0118681562803246,aperiodic_clean
RAAR,75,150,150,0.104149844445098,0.0825853528395564,0.0117633955681968,aperiodic_clean
RAAR,76,152,152,0.104134940932398,0.0825394031855765,0.0118672761862776,aperiodic_clean
RAAR,77,154,154,0.104003996659456,0.0824137774557441,0.0117936849293924,aperiodic_clean
RAAR,78,156,156,0.10398422695993,0.0823865087320135,0.0119173475756985,aperiodic_clean
RAAR,79,158,158,0.103865164356462,0.0822626256702378,0.0118378233367404,aperiodic_clean
RAAR,80,160,160,0.103813587896651,0.0822211358354489,0.0119112703894591,aperiodic_clean
RAAR,81,162,162,0.103700915649109,0.0820784417935715,0.0118371529811016,aperiodic_clean
RAAR,82,164,164,0.103700508083372,0.0820815010282931,0.0118926971019762,aperiodic_clean
RAAR,83,166,166,0.103603233639361,0.0819677692663673,0.0118027632543434,aperiodic_clean
RAAR,84,168,168,0.103626626612022,0.0819601677079181,0.0118891116779931,aperiodic_clean
RAAR,85,170,170,0.103558122822064,0.0818858272944912,0.0117986770024191,aperiodic_clean
RAAR,86,172,172,0.103581737566665,0.0818862950284441,0.0118890735763506,aperiodic_clean
RAAR,87,174,174,0.10350921991938,0.0818102922046926,0.0117881649034452,aperiodic_clean
RAAR,88,176,176,0.10352585550255,0.0817929410464571,0.0118719831944259,aperiodic_clean
RAAR,89,178,178,0.103445762675557,0.0817326704998523,0.0117720753840629,aperiodic_clean
RAAR,90,180,180,0.103417662481335,0.0816860122609103,0.0118601013009382,aperiodic_clean
RAAR,91,182,182,0.103300391561243,0.0816176028067712,0.011758999375289,aperiodic_clean
RAAR,92,184,184,0.103258486149623,0.081564099129826,0.0118517896938106,aperiodic_clean
RAAR,93,186,186,0.103135548796312,0.0815099045985568,0.0117472799398827,aperiodic_clean
RAAR,94,188,188,0.103102526705923,0.0814456735465518,0.0118286527205467,aperiodic_clean
RAAR,95,190,190,0.102975161204529,0.0813867240478863,0.0117543330974927,aperiodic_clean
RAAR,96,192,192,0.102953883982841,0.0813169346251055,0.0118278987131647,aperiodic_clean
RAAR,97,194,194,0.102835408695638,0.081257186326064,0.0117675629432918,aperiodic_clean
RAAR,98,196,196,0.102820896125388,0.0812383252970591,0.0118289401701727,aperiodic_clean
RAAR,99,198,198,0.102706784490609,0.0811413975169569,0.0117441279693049,aperiodic_clean
RAAR,100,200,200,0.102724438634207,0.0811234071966989,0.0117781773476177,aperiodic_clean
LBFGS,0,0,0,0.673865672403492,0.258357426288318,0.616464877380298,aperiodic_clean
LBFGS,0,2,2,0.673865672403492,0.258357426288318,0.616464877380298,aperiodic_clean
LBFGS,1,4,4,0.209522564587608,0.175444264881375,0.0723124694500513,aperiodic_clean
LBFGS,2,6,6,0.192471868233387,0.161443463023254,0.0500105801096614,aperiodic_clean
LBFGS,3,8,8,0.174335593997966,0.147135993021946,0.0341638940841337,aperiodic_clean
LBFGS,4,10,10,0.166345414307282,0.14084187439125,0.0288430576402159,aperiodic_clean
LBFGS,5,12,12,0.157847346308171,0.133158574040384,0.0245783686510532,aperiodic_clean
LBFGS,6,14,14,0.152105785712255,0.127109275016085,0.0215331975019742,aperiodic_clean
LBFGS,7,16,16,0.148166838045281,0.122554686782173,0.0193733038356899,aperiodic_clean
LBFGS,8,18,18,0.144855466373453,0.120570242453757,0.0176386490313168,aperiodic_clean
LBFGS,9,20,20,0.14271133960535,0.118991228684006,0.016637402552903,aperiodic_clean
LBFGS,10,22,22,0.140876192857116,0.118038968564444,0.0160360850434611,aperiodic_clean
LBFGS,11,24,24,0.138793796059695,0.116211790320089,0.0155424729542416,aperiodic_clean
LBFGS,12,26,26,0.136481780893241,0.114163648363631,0.0150982074456034,aperiodic_clean
LBFGS,13,28,28,0.134921128614539,0.112715088087608,0.0147638987326269,aperiodic_clean
LBFGS,14,30,30,0.133477006079049,0.111536118358463,0.0144791332853474,aperiodic_clean
LBFGS,15,32,32,0.131724247925086,0.109904634834528,0.0141924488454992,aperiodic_clean
LBFGS,16,34,34,0.129929214083012,0.108229102222543,0.0139301350411831,aperiodic_clean
LBFGS,17,36,36,0.129080025778547,0.107507615722766,0.0137039640802978,aperiodic_clean
LBFGS,18,38,38,0.128324097159389,0.106953144972812,0.013553568614107,aperiodic_clean
LBFGS,19,40,40,0.127486405574992,0.106092325955542,0.0134554342503961,aperiodic_clean
LBFGS,20,42,42,0.126819563581493,0.105651392738891,0.0133582054860509,aperiodic_clean
LBFGS,21,44,44,0.126376156445219,0.105213632059125,0.0132803930361657,aperiodic_clean
LBFGS,22,46,46,0.125698692165536,0.104552004754142,0.0131969773266893,aperiodic_clean
LBFGS,23,48,48,0.124999158940352,0.103639812192128,0.0131078212271276,aperiodic_clean
LBFGS,24,50,50,0.124383172485495,0.102906133449724,0.0130252571869788,aperiodic_clean
LBFGS,25,52,52,0.123974089041597,0.102602091249149,0.0129409670890301,aperiodic_clean
LBFGS,26,54,54,0.123564913480758,0.102087023432101,0.0128821188469133,aperiodic_clean
LBFGS,27,56,56,0.122862639726521,0.101447167211011,0.012812565835801,aperiodic_clean
LBFGS,28,58,58,0.122449939564328,0.100542922816651,0.012738593340267,aperiodic_clean
LBFGS,29,60,60,0.122019592849322,0.10021066903739,0.0126242061765151,aperiodic_clean
LBFGS,30,62,62,0.121812587759665,0.0997897777330918,0.0125372150021468,aperiodic_clean
LBFGS,31,64,64,0.121524061601506,0.0995333410780385,0.0124706749242383,aperiodic_clean
LBFGS,32,66,66,0.121380395479611,0.0991368075057443,0.0124158782801745,aperiodic_clean
LBFGS,33,68,68,0.121087090373489,0.0989946522617941,0.0123750716397372,aperiodic_clean
LBFGS,34,70,70,0.121009568929911,0.0987811587120236,0.0123288785524404,aperiodic_clean
LBFGS,35,72,72,0.120904902117341,0.0987040397295925,0.0122994861791104,aperiodic_clean
LBFGS,36,74,74,0.120749447844164,0.0984860446693999,0.0122676378810835,aperiodic_clean
LBFGS,37,76,76,0.120574400617382,0.0982429960780422,0.0122437336594339,aperiodic_clean
LBFGS,38,78,78,0.120570382031923,0.0981051616179832,0.0122205792281,aperiodic_clean
LBFGS,39,80,80,0.120561549316985,0.0980299230448401,0.0122062213702439,aperiodic_clean
LBFGS,40,82,82,0.120590928725854,0.097855197361869,0.0121912775278185,aperiodic_clean
LBFGS,41,84,84,0.120611041176873,0.0976829008240665,0.0121762327952316,aperiodic_clean
LBFGS,42,86,86,0.120666717110577,0.0975618595532805,0.0121630393828962,aperiodic_clean
LBFGS,43,88,88,0.120742219626879,0.0974323700777558,0.0121513542096702,aperiodic_clean
LBFGS,44,90,90,0.120835267264964,0.0973140070565717,0.0121420308417102,aperiodic_clean
LBFGS,45,92,92,0.120957844255631,0.097177839560077,0.0121315641267693,aperiodic_clean
LBFGS,46,94,94,0.121158077018799,0.0970384690281896,0.0121211715591469,aperiodic_clean
LBFGS,47,96,96,0.121311293583466,0.0969509433581136,0.0121123273111516,aperiodic_clean
LBFGS,48,98,98,0.121544531232036,0.0969096624064709,0.012103644189556,aperiodic_clean
LBFGS,49,100,100,0.121788029637346,0.0968862971666165,0.0120947044110505,aperiodic_clean
LBFGS,50,102,102,0.122246158404397,0.0969534166913696,0.0120885177978799,aperiodic_clean
LBFGS,51,104,104,0.122176332405815,0.0969302629462847,0.0120821973374058,aperiodic_clean
LBFGS,52,106,106,0.12244970383687,0.0969721211522636,0.0120755711330412,aperiodic_clean
LBFGS,53,108,108,0.122696718159063,0.0970109587155415,0.0120691339980926,aperiodic_clean
LBFGS,54,110,110,0.123319531404511,0.0971613565583629,0.0120620159630161,aperiodic_clean
LBFGS,55,112,112,0.123822741902829,0.0973045588206869,0.0120550572642445,aperiodic_clean
LBFGS,56,114,114,0.124200424901165,0.0974479230521657,0.012049123299374,aperiodic_clean
LBFGS,57,116,116,0.124379447722628,0.097530151725327,0.0120433295664084,aperiodic_clean
LBFGS,58,118,118,0.125195458712015,0.0978981561260647,0.0120385149163596,aperiodic_clean
LBFGS,59,120,120,0.125024494605848,0.0978383815884831,0.0120331924103422,aperiodic_clean
LBFGS,60,122,122,0.125466298813551,0.0980409462089506,0.0120284207506771,aperiodic_clean
LBFGS,61,124,124,0.126149958641848,0.0983728350926558,0.0120229134752506,aperiodic_clean
LBFGS,62,126,126,0.127165829100024,0.0989045050090514,0.012017879758981,aperiodic_clean
LBFGS,63,128,128,0.127408723351433,0.0990530029986886,0.0120121674124354,aperiodic_clean
LBFGS,64,130,130,0.128104868140974,0.0994459891517089,0.012007483608508,aperiodic_clean
LBFGS,65,132,132,0.12838783799137,0.0996241798440097,0.0120035752618345,aperiodic_clean
LBFGS,66,134,134,0.129205335840452,0.100091728716238,0.0119998296401599,aperiodic_clean
LBFGS,67,136,136,0.129531450041368,0.100294013736442,0.0119959034321188,aperiodic_clean
LBFGS,68,138,138,0.130310487368588,0.100764553369935,0.0119919927177087,aperiodic_clean
LBFGS,69,140,140,0.130570290528729,0.100943079057934,0.0119880314463542,aperiodic_clean
LBFGS,70,142,142,0.131295761879201,0.101391095491478,0.0119843701885174,aperiodic_clean
LBFGS,71,144,144,0.131965624984173,0.101796825948439,0.0119804321935178,aperiodic_clean
LBFGS,72,146,146,0.132946785464369,0.102391915582079,0.0119774638532544,aperiodic_clean
LBFGS,73,148,148,0.132939549870835,0.102373224344638,0.0119743835339418,aperiodic_clean
LBFGS,74,150,150,0.133814244096494,0.102898743474699,0.0119713973392994,aperiodic_clean
LBFGS,75,152,152,0.133903069101745,0.102940687763179,0.0119688518797683,aperiodic_clean
LBFGS,76,154,154,0.134522809824731,0.103311326965924,0.0119660832925114,aperiodic_clean
LBFGS,77,156,156,0.135256083462831,0.103750194225693,0.0119628715467916,aperiodic_clean
LBFGS,78,158,158,0.136048980694126,0.104243786595643,0.0119601760057552,aperiodic_clean
LBFGS,79,160,160,0.136209342398642,0.104351820616366,0.0119576385051858,aperiodic_clean
LBFGS,80,162,162,0.137375117113434,0.105093510792394,0.0119552729945655,aperiodic_clean
LBFGS,81,164,164,0.137389758681194,0.105119206399412,0.0119528657971805,aperiodic_clean
LBFGS,82,166,166,0.137982393087179,0.105499626525309,0.011950526261092,aperiodic_clean
LBFGS,83,168,168,0.1391499513496,0.106247450350945,0.0119474762560424,aperiodic_clean
LBFGS,84,170,170,0.13978434197034,0.106650300903762,0.0119451244929923,aperiodic_clean
LBFGS,85,172,172,0.140383316723839,0.107031555411962,0.0119425973269873,aperiodic_clean
LBFGS,86,174,174,0.141377132059376,0.107658352877657,0.0119395359545494,aperiodic_clean
LBFGS,87,176,176,0.142847239277779,0.108588897968578,0.0119378875167679,aperiodic_clean
LBFGS,88,178,178,0.142342967694817,0.108250800699064,0.0119362744054328,aperiodic_clean
LBFGS,89,180,180,0.1430085036682,0.108680699497015,0.0119336123975553,aperiodic_clean
LBFGS,90,182,182,0.143849052085326,0.1092184114832,0.011931889633426,aperiodic_clean
LBFGS,91,184,184,0.144696881567507,0.109762026221466,0.0119295420579779,aperiodic_clean
LBFGS,92,186,186,0.145970689881738,0.110582229428997,0.0119267717424048,aperiodic_clean
LBFGS,93,188,188,0.146334870441995,0.110820804317264,0.0119238253767579,aperiodic_clean
LBFGS,94,190,190,0.147332288141893,0.111469384687653,0.0119216615716468,aperiodic_clean
LBFGS,95,192,192,0.147841304778456,0.111802246888795,0.0119193399391792,aperiodic_clean
LBFGS,96,194,194,0.149566589170503,0.112927545454927,0.0119170671939817,aperiodic_clean
LBFGS,97,196,196,0.150465267729085,0.113513103556614,0.0119141575510923,aperiodic_clean
LBFGS,98,198,198,0.151798485819999,0.114384316968314,0.0119115630844411,aperiodic_clean
LBFGS,99,200,200,0.15226650887001,0.114683650260764,0.0119090582635417,aperiodic_clean
