layout,p_blank,method,budget,iteration_min,iteration_max,field_mean,field_sd,phase_at_field_min_mean,phase_at_field_min_sd
periodic,1,HIO,2,1,1,0.32829499705917436,0.0025623372173467253,0.26036644001524234,0.0014342919432171523
periodic,1,ER,2,1,1,0.32829499705917436,0.0025623372173467253,0.26036644001524234,0.0014342919432171523
periodic,1,RAAR,2,1,1,0.32829499705917436,0.0025623372173467253,0.26036644001524234,0.0014342919432171523
periodic,1,LBFGS,4,1,1,0.32829499705917464,0.0025623372173471048,0.26036644001524234,0.0014342919432171523
periodic,10,HIO,4,2,2,0.22361029372514132,0.0002856629519114975,0.1781904934094337,0.0004117370762289072
periodic,10,ER,6,3,3,0.219849179264453,0.00048587182938372535,0.175146679368787,0.0001114173779701283
periodic,10,RAAR,2,1,1,0.22457783186257532,7.323242600937482e-05,0.18607514606911332,0.000329312351767662
periodic,10,LBFGS,6,2,2,0.22034696974575366,0.0004628910575282301,0.177760395507338,0.000183413127608144
aperiodic,1,HIO,2,1,1,0.3325727959347707,0.0001706439811369833,0.2590018973181887,0.0016312906968281567
aperiodic,1,ER,2,1,1,0.3325727959347707,0.0001706439811369833,0.2590018973181887,0.0016312906968281567
aperiodic,1,RAAR,2,1,1,0.3325727959347707,0.0001706439811369833,0.2590018973181887,0.0016312906968281567
aperiodic,1,LBFGS,4,1,1,0.3325727959347707,0.0001706439811369833,0.2590018973181887,0.0016312906968281567
aperiodic,10,HIO,4,2,2,0.22398437009249902,0.0011429243037210446,0.17439349345803098,0.0016020509929304527
aperiodic,10,ER,6,3,3,0.21940595919708797,0.0012188538602588006,0.17079785375650033,0.001671306062707877
aperiodic,10,RAAR,2,1,1,0.22663702373360498,0.0009148100173813775,0.1849699961836567,0.0012779619188958338
aperiodic,10,LBFGS,6,2,2,0.22073327914881102,0.0011643429306412683,0.17429295189463367,0.0016121619079045417
