case,first_update_calls,initial_phase_rmse,first_phase_rmse,first_field_nrmse,final_field_nrmse,first_objective,final_objective,accepted_objectives_monotone
periodic_p1_seed41001,4,0.250364933641618,0.261395522609973,0.330241242701899,0.923196056812342,6035.327673165407,4978.6071316038515,True
periodic_p1_seed41002,4,0.250364933641618,0.258728094847847,0.32539193435817,0.967801174138775,5875.615730650752,4819.720664140076,True
periodic_p1_seed41003,4,0.250364933641618,0.260975702587907,0.329251814117455,0.948144172803398,5871.126632025847,4810.717647850648,True
periodic_p10_seed41001,4,0.250364933641618,0.186233650114415,0.224502437396704,0.551538262359046,1046.1292699629587,758.9405336976776,True
periodic_p10_seed41002,4,0.250364933641618,0.18569655481458,0.224648691485446,0.582423069926614,1048.4656859578463,761.3167630953604,True
periodic_p10_seed41003,4,0.250364933641618,0.186295233278345,0.224582366705576,0.571930126364485,1050.2011351540345,754.9680429504082,True
aperiodic_p1_seed41001,4,0.258357426288318,0.260555911437454,0.332390897417058,0.936321306615859,6269.254223170744,5135.75207599837,True
aperiodic_p1_seed41002,4,0.258357426288318,0.259146784734839,0.332598139818552,0.908575671413795,6191.109146741631,5104.592988473249,True
aperiodic_p1_seed41003,4,0.258357426288318,0.257302995782273,0.332729350568702,0.942308759725357,6120.384540483861,5021.511800415735,True
aperiodic_p10_seed41001,4,0.258357426288318,0.186184186755658,0.2270360481936,0.565442373684397,1113.5696167178976,790.0439331308786,True
aperiodic_p10_seed41002,4,0.258357426288318,0.183636614034705,0.225590480230191,0.538075627007069,1114.0493487710698,793.5775511332947,True
aperiodic_p10_seed41003,4,0.258357426288318,0.185089187760607,0.227284542777024,0.56022444862936,1110.5326715552335,787.4393496257155,True
