layout,p_blank,method,seed,best_iteration,min_field_nrmse,propagations_at_best,phase_rmse_at_best
periodic,1,HIO,41001,1,0.330241242701898,2,0.261395522609973
periodic,1,HIO,41002,1,0.32539193435817,2,0.258728094847847
periodic,1,HIO,41003,1,0.329251814117455,2,0.260975702587907
periodic,1,ER,41001,1,0.330241242701898,2,0.261395522609973
periodic,1,ER,41002,1,0.32539193435817,2,0.258728094847847
periodic,1,ER,41003,1,0.329251814117455,2,0.260975702587907
periodic,1,RAAR,41001,1,0.330241242701898,2,0.261395522609973
periodic,1,RAAR,41002,1,0.32539193435817,2,0.258728094847847
periodic,1,RAAR,41003,1,0.329251814117455,2,0.260975702587907
periodic,1,LBFGS,41001,1,0.330241242701899,4,0.261395522609973
periodic,1,LBFGS,41002,1,0.32539193435817,4,0.258728094847847
periodic,1,LBFGS,41003,1,0.329251814117455,4,0.260975702587907
periodic,10,HIO,41001,2,0.223321916302891,4,0.177942356741303
periodic,10,HIO,41002,2,0.223893162531619,4,0.1779633515993
periodic,10,HIO,41003,2,0.223615802340914,4,0.178665771887698
periodic,10,ER,41001,3,0.219352514839851,6,0.175034923132105
periodic,10,ER,41002,3,0.220323486633773,6,0.175147360206527
periodic,10,ER,41003,3,0.219871536319735,6,0.175257754767729
periodic,10,RAAR,41001,1,0.224502437396704,2,0.186233650114415
periodic,10,RAAR,41002,1,0.224648691485446,2,0.18569655481458
periodic,10,RAAR,41003,1,0.224582366705576,2,0.186295233278345
periodic,10,LBFGS,41001,2,0.219844344678248,6,0.17774628183768
periodic,10,LBFGS,41002,2,0.220755743901103,6,0.177584446936166
periodic,10,LBFGS,41003,2,0.22044082065791,6,0.177950457748168
aperiodic,1,HIO,41001,1,0.332390897417058,2,0.260555911437454
aperiodic,1,HIO,41002,1,0.332598139818552,2,0.259146784734839
aperiodic,1,HIO,41003,1,0.332729350568702,2,0.257302995782273
aperiodic,1,ER,41001,1,0.332390897417058,2,0.260555911437454
aperiodic,1,ER,41002,1,0.332598139818552,2,0.259146784734839
aperiodic,1,ER,41003,1,0.332729350568702,2,0.257302995782273
aperiodic,1,RAAR,41001,1,0.332390897417058,2,0.260555911437454
aperiodic,1,RAAR,41002,1,0.332598139818552,2,0.259146784734839
aperiodic,1,RAAR,41003,1,0.332729350568702,2,0.257302995782273
aperiodic,1,LBFGS,41001,1,0.332390897417058,4,0.260555911437454
aperiodic,1,LBFGS,41002,1,0.332598139818552,4,0.259146784734839
aperiodic,1,LBFGS,41003,1,0.332729350568702,4,0.257302995782273
aperiodic,10,HIO,41001,2,0.223915491939246,4,0.175858872246355
aperiodic,10,HIO,41002,2,0.222877442526,4,0.172683017717576
aperiodic,10,HIO,41003,2,0.225160175812251,4,0.174638590410162
aperiodic,10,ER,41001,3,0.219311038435843,6,0.172290696155705
aperiodic,10,ER,41002,3,0.218237340933263,6,0.168992267728556
aperiodic,10,ER,41003,3,0.220669498222158,6,0.17111059738524
aperiodic,10,RAAR,41001,1,0.2270360481936,2,0.186184186755658
aperiodic,10,RAAR,41002,1,0.225590480230191,2,0.183636614034705
aperiodic,10,RAAR,41003,1,0.227284542777024,2,0.185089187760607
aperiodic,10,LBFGS,41001,2,0.220749655991949,6,0.175653589810511
aperiodic,10,LBFGS,41002,2,0.219560834179315,6,0.172512376437643
aperiodic,10,LBFGS,41003,2,0.221889347275169,6,0.174712889435747
