layout,p_blank,method,field_nrmse_mean,field_nrmse_sd,phase_rmse_rad_mean,phase_rmse_rad_sd
periodic,1,HIO,1.28277028845106,0.006621294356440276,1.7342862801075933,0.027995682246320732
periodic,1,ER,0.6898058543496131,0.001936933129282393,0.6061184135209009,0.015355207081370935
periodic,1,RAAR,1.14045209215268,0.00710752297446024,1.5626575231408033,0.020837131422564565
periodic,1,LBFGS,0.9463804679181717,0.022354800695104447,1.0101841058495966,0.03345835031966914
periodic,10,HIO,1.2752781079464766,0.021620118794158347,1.6404285314848701,0.021536225599953877
periodic,10,ER,0.29709150644095167,0.003216507489161178,0.20660186273263334,0.0034206333173466674
periodic,10,RAAR,0.5895294978253217,0.018251543311494235,0.501277013294103,0.02055174661816508
periodic,10,LBFGS,0.5686304862167151,0.015704571100479233,0.47453825410517064,0.029018944949545905
aperiodic,1,HIO,1.2936054180018701,0.01244893584256491,1.7646476470543033,0.026937465882702207
aperiodic,1,ER,0.693999456882583,0.006992550179115871,0.5864326798619247,0.007293305987471574
aperiodic,1,RAAR,1.1059345505296134,0.002421110551417204,1.492495247663033,0.012070307498383738
aperiodic,1,LBFGS,0.9290685792516703,0.01799810691221018,0.966788364128385,0.02947986705652561
aperiodic,10,HIO,1.3275663421995667,0.05203368314181005,1.7208355000834132,0.06491399102833316
aperiodic,10,ER,0.29584032864153736,0.00527065871796576,0.19852163514748267,0.0010876096372128743
aperiodic,10,RAAR,0.592915991344825,0.006675443932009967,0.4836949457835537,0.007934397198445508
aperiodic,10,LBFGS,0.5545808164402753,0.0145300600184416,0.44551006153500167,0.00666839681323075
