scene,condition,method,iteration,solver_propagations,scoring_propagations,solver_seconds,amplitude_nrmse,field_nrmse,bright_core_field_nrmse,phase_rmse_rad,phase_alignment_rad,phase_invalid_fraction,outside_support_energy_fraction
mixed,clean,ZERO,0,0,1,0,0.616464877380298,0.673865672403492,0.673986309310494,0.258357426288318,0.0024231715517474,0,0
mixed,clean,TRUTH_DIAGNOSTIC,0,0,1,0,0.0190118221067377,0,0,0,0,0,0
mixed,clean,HIO,10,20,1,0.0399526,0.0213585696952829,0.147987911134396,0.106297317071415,0.12323691251108,0.0027711468514775,0,0.00185298966235586
mixed,clean,HIO,20,40,2,0.0793826,0.0196660348962073,0.139425676381069,0.0965272307864872,0.113548808922954,0.00249865332012896,0,0.00242224483520081
mixed,clean,HIO,30,60,3,0.120188,0.0203756968511905,0.134361452677522,0.089946396632276,0.107074294165675,0.00258180747087118,0,0.00302759858391575
mixed,clean,HIO,40,80,4,0.1616491,0.0214177912734126,0.130192941623072,0.0853207119145404,0.100927371409461,0.00298972649062916,0,0.00343705444065567
mixed,clean,ER,10,20,1,0.0433977,0.0253508514527652,0.161049781895205,0.124099304751457,0.136737282202432,0.00284931487498647,0,0
mixed,clean,ER,20,40,2,0.08292,0.0190303241539263,0.149397093813683,0.112554148522808,0.126011307544345,0.00297486599528582,0,0
mixed,clean,ER,30,60,3,0.1224094,0.0166974853953779,0.143647027582058,0.106941074552748,0.120797537441315,0.0030210748780596,0,0
mixed,clean,ER,40,80,4,0.1639934,0.0156738929709127,0.140000379057161,0.103541082916804,0.117607656438366,0.00304022045040434,0,0
mixed,shot_read,ZERO,0,0,1,0,0.737387318296963,0.673865672403492,0.673986309310494,0.258357426288318,0.0024231715517474,0,0
mixed,shot_read,TRUTH_DIAGNOSTIC,0,0,1,0,0.475719181958701,0,0,0,0,0,0
mixed,shot_read,HIO,10,20,1,0.0479462,0.374795683510574,0.758309896616756,0.553301786511876,0.592817111507145,0.0151177604079707,0,0.151134304222688
mixed,shot_read,HIO,20,40,2,0.0890721,0.389729895172605,1.06362261448584,0.794467467591028,1.14698938510562,0.0657947185412978,0,0.192022423240682
mixed,shot_read,HIO,30,60,3,0.1302349,0.389593968335613,1.22136756608354,0.953403440350291,1.47240605584047,0.0400581096544419,0,0.200425306753618
mixed,shot_read,HIO,40,80,4,0.1699961,0.389451532650192,1.30833421416627,1.04938524440934,1.64895346724962,-0.124904614004222,0,0.203601068786662
mixed,shot_read,ER,10,20,1,0.0395417,0.34896291649532,0.461125029279347,0.280915467753692,0.384023910086373,0.00395143645629888,0,0
mixed,shot_read,ER,20,40,2,0.0787488,0.341410362533354,0.501986866544884,0.289402205693945,0.392004296229561,0.00493745140580661,0,0
mixed,shot_read,ER,30,60,3,0.1209079,0.337475160919031,0.529667087541607,0.300031402205569,0.399237936001364,0.0051654528718304,0,0
mixed,shot_read,ER,40,80,4,0.1623066,0.335276715032974,0.549527376305266,0.309885934060564,0.408900594016184,0.00498577585850936,0,0
