layout,p_blank,seed,method,budget,iterations,propagations,state_propagations,field_nrmse,phase_rmse_rad
periodic,1,41002,RAAR,0,0,0,0,0.655475183732924,0.250364933641618
periodic,1,41002,RAAR,2,1,2,2,0.32539193435817,0.258728094847847
periodic,1,41002,RAAR,4,2,4,4,0.525657674297905,0.429646387304138
periodic,1,41002,RAAR,6,3,6,6,0.632404236038106,0.559077934997337
periodic,1,41002,RAAR,8,4,8,8,0.727352752697409,0.731273849941589
periodic,1,41002,RAAR,10,5,10,10,0.815676993252705,0.882853473006277
periodic,1,41002,RAAR,12,6,12,12,0.883898641449443,1.01655096818388
periodic,1,41002,RAAR,14,7,14,14,0.911026087644525,1.07941916060691
periodic,1,41002,RAAR,16,8,16,16,0.927794300440449,1.12424717375123
periodic,1,41002,RAAR,18,9,18,18,0.938852392352336,1.13852959537707
periodic,1,41002,RAAR,20,10,20,20,0.955358767196791,1.16863306694908
periodic,1,41002,RAAR,22,11,22,22,0.955866086556231,1.17487032695909
periodic,1,41002,RAAR,24,12,24,24,0.960228821577718,1.18052358202369
periodic,1,41002,RAAR,26,13,26,26,0.960390039611289,1.18510348762432
periodic,1,41002,RAAR,28,14,28,28,0.963688519430203,1.18988285952747
periodic,1,41002,RAAR,30,15,30,30,0.968166164243282,1.21399788048641
periodic,1,41002,RAAR,32,16,32,32,0.97167218374516,1.21575612377377
periodic,1,41002,RAAR,34,17,34,34,0.978877706432747,1.21720202417615
periodic,1,41002,RAAR,36,18,36,36,0.989140585973062,1.24714585355814
periodic,1,41002,RAAR,38,19,38,38,1.00205675861555,1.26352918106722
periodic,1,41002,RAAR,40,20,40,40,1.00729323757616,1.28416171127322
periodic,1,41002,RAAR,42,21,42,42,1.0178372153981,1.31880416210465
periodic,1,41002,RAAR,44,22,44,44,1.02483175252867,1.33357929135746
periodic,1,41002,RAAR,46,23,46,46,1.03193539187459,1.35644126600357
periodic,1,41002,RAAR,48,24,48,48,1.03432947976508,1.35950586887044
periodic,1,41002,RAAR,50,25,50,50,1.02789091125066,1.33333327023548
periodic,1,41002,RAAR,52,26,52,52,1.02737802898685,1.32781281013747
periodic,1,41002,RAAR,54,27,54,54,1.02277781912676,1.31124858790612
periodic,1,41002,RAAR,56,28,56,56,1.02050475257058,1.30885506565075
periodic,1,41002,RAAR,58,29,58,58,1.01845770496406,1.3091077862491
periodic,1,41002,RAAR,60,30,60,60,1.01816261132418,1.30267255518082
periodic,1,41002,RAAR,62,31,62,62,1.01843805241495,1.29312145032826
periodic,1,41002,RAAR,64,32,64,64,1.02393650166646,1.32374228211981
periodic,1,41002,RAAR,66,33,66,66,1.03295038364504,1.35080919850516
periodic,1,41002,RAAR,68,34,68,68,1.04446800258213,1.37591254920077
periodic,1,41002,RAAR,70,35,70,70,1.05422723655035,1.40469143944393
periodic,1,41002,RAAR,72,36,72,72,1.06741509939975,1.42470184567736
periodic,1,41002,RAAR,74,37,74,74,1.07418166329745,1.4479132160434
periodic,1,41002,RAAR,76,38,76,76,1.07800051962771,1.43898364484964
periodic,1,41002,RAAR,78,39,78,78,1.08269821180511,1.43932094234472
periodic,1,41002,RAAR,80,40,80,80,1.08357395066119,1.43537828204105
periodic,1,41002,RAAR,82,41,82,82,1.08582081982308,1.45478819673203
periodic,1,41002,RAAR,84,42,84,84,1.08881794342952,1.46676165925481
periodic,1,41002,RAAR,86,43,86,86,1.09554186224868,1.47682209257224
periodic,1,41002,RAAR,88,44,88,88,1.09882220559479,1.49988117445485
periodic,1,41002,RAAR,90,45,90,90,1.10101222038735,1.50783361054577
periodic,1,41002,RAAR,92,46,92,92,1.10063176575724,1.5103393699075
periodic,1,41002,RAAR,94,47,94,94,1.10148048370674,1.50589715505625
periodic,1,41002,RAAR,96,48,96,96,1.10337404226981,1.50390069108845
periodic,1,41002,RAAR,98,49,98,98,1.10171129880537,1.513765796448
periodic,1,41002,RAAR,100,50,100,100,1.09634183910263,1.50773108485239
periodic,1,41002,RAAR,102,51,102,102,1.09750000245221,1.5143760142275
periodic,1,41002,RAAR,104,52,104,104,1.09824463485868,1.5094341947427
periodic,1,41002,RAAR,106,53,106,106,1.098335305901,1.51229572828609
periodic,1,41002,RAAR,108,54,108,108,1.10178753106448,1.50241880898188
periodic,1,41002,RAAR,110,55,110,110,1.10322637421905,1.50173431916904
periodic,1,41002,RAAR,112,56,112,112,1.10101042571092,1.49150730185626
periodic,1,41002,RAAR,114,57,114,114,1.10228269108261,1.48805741212738
periodic,1,41002,RAAR,116,58,116,116,1.10623257567034,1.50641220709069
periodic,1,41002,RAAR,118,59,118,118,1.10469195563592,1.51847922019015
periodic,1,41002,RAAR,120,60,120,120,1.11091619541258,1.53503586244769
periodic,1,41002,RAAR,122,61,122,122,1.10392922644804,1.5155479144057
periodic,1,41002,RAAR,124,62,124,124,1.09962268867136,1.50314679574431
periodic,1,41002,RAAR,126,63,126,126,1.09308888190143,1.47443379075572
periodic,1,41002,RAAR,128,64,128,128,1.09922024105089,1.48391981041053
periodic,1,41002,RAAR,130,65,130,130,1.10119687508637,1.47930453448074
periodic,1,41002,RAAR,132,66,132,132,1.10154525286296,1.468762762705
periodic,1,41002,RAAR,134,67,134,134,1.09831901574408,1.45881721298247
periodic,1,41002,RAAR,136,68,136,136,1.09486236840286,1.4571894927114
periodic,1,41002,RAAR,138,69,138,138,1.0961427890067,1.46480131253097
periodic,1,41002,RAAR,140,70,140,140,1.09596079286041,1.46539878471745
periodic,1,41002,RAAR,142,71,142,142,1.10053587689136,1.47971717778549
periodic,1,41002,RAAR,144,72,144,144,1.10031587501108,1.47538507770335
periodic,1,41002,RAAR,146,73,146,146,1.10032674254966,1.47637250712929
periodic,1,41002,RAAR,148,74,148,148,1.10091533363319,1.46750348535274
periodic,1,41002,RAAR,150,75,150,150,1.10041488142016,1.48039672222821
periodic,1,41002,RAAR,152,76,152,152,1.10285064435987,1.46565733360994
periodic,1,41002,RAAR,154,77,154,154,1.10503342603658,1.45924060229388
periodic,1,41002,RAAR,156,78,156,156,1.1075591219197,1.46917208676205
periodic,1,41002,RAAR,158,79,158,158,1.11294304728963,1.48430627526654
periodic,1,41002,RAAR,160,80,160,160,1.11193912579958,1.48024501842157
periodic,1,41002,RAAR,162,81,162,162,1.11601123715225,1.49505162024371
periodic,1,41002,RAAR,164,82,164,164,1.11542083130938,1.49477937125294
periodic,1,41002,RAAR,166,83,166,166,1.11642802455311,1.50471965649854
periodic,1,41002,RAAR,168,84,168,168,1.11806943120083,1.51697533928101
periodic,1,41002,RAAR,170,85,170,170,1.12142129581082,1.53629554169134
periodic,1,41002,RAAR,172,86,172,172,1.12550344697785,1.54863185477591
periodic,1,41002,RAAR,174,87,174,174,1.12605553647169,1.54549937654118
periodic,1,41002,RAAR,176,88,176,176,1.11823359278139,1.52534790812925
periodic,1,41002,RAAR,178,89,178,178,1.11050688701687,1.51950208946096
periodic,1,41002,RAAR,180,90,180,180,1.10942921267338,1.5200265787419
periodic,1,41002,RAAR,182,91,182,182,1.10403338360765,1.49275391640796
periodic,1,41002,RAAR,184,92,184,184,1.10478353452951,1.48964366097744
periodic,1,41002,RAAR,186,93,186,186,1.10755794862388,1.48692008536395
periodic,1,41002,RAAR,188,94,188,188,1.10889039005339,1.48355479158245
periodic,1,41002,RAAR,190,95,190,190,1.10587154920726,1.47909104031056
periodic,1,41002,RAAR,192,96,192,192,1.1088299598574,1.47328987726958
periodic,1,41002,RAAR,194,97,194,194,1.11326527786359,1.49804858233862
periodic,1,41002,RAAR,196,98,196,196,1.11807790972751,1.5112535375634
periodic,1,41002,RAAR,198,99,198,198,1.12986562529517,1.55923381385736
periodic,1,41002,RAAR,200,100,200,200,1.13937929232875,1.57476435860873
