case,method,iterations,propagations,state_propagations,field_nrmse,phase_rmse_rad,measurement_amplitude_nrmse
aperiodic_clean,ER,0,0,0,0.673865672403492,0.258357426288318,0.616464877380298
aperiodic_clean,ER,1,2,2,0.209522564587608,0.175444264881375,0.0723124694500513
aperiodic_clean,ER,2,4,4,0.193087578100147,0.161987503914581,0.0505401431549937
aperiodic_clean,ER,3,6,6,0.184275419871722,0.155385094609703,0.0413860613548486
aperiodic_clean,ER,4,8,8,0.178388764379664,0.150983812145074,0.0364684068601784
aperiodic_clean,ER,5,10,10,0.173972449296834,0.147602941130772,0.0332771063181847
aperiodic_clean,ER,6,12,12,0.170458714687307,0.144785420004932,0.0309414421377468
aperiodic_clean,ER,7,14,14,0.167549120166875,0.142358043074101,0.0290997361509484
aperiodic_clean,ER,8,16,16,0.165081599486281,0.140252777551825,0.0276281192904605
aperiodic_clean,ER,9,18,18,0.162943772902893,0.138403250175876,0.0264185034818676
aperiodic_clean,ER,10,20,20,0.161049781895205,0.136737282202432,0.0253508514527652
aperiodic_clean,ER,11,22,22,0.159349529524768,0.135211483283599,0.0243609025427392
aperiodic_clean,ER,12,24,24,0.157816533846778,0.13381381155301,0.0234525477534516
aperiodic_clean,ER,13,26,26,0.156432105139199,0.132540794564604,0.0226524802427913
aperiodic_clean,ER,14,28,28,0.155174854968896,0.131380039507146,0.0219561055113888
aperiodic_clean,ER,15,30,30,0.154023785379834,0.130314103724064,0.0213417393913216
aperiodic_clean,ER,16,32,32,0.15296204990832,0.129328042639536,0.0207906755239233
aperiodic_clean,ER,17,34,34,0.151976926347998,0.12841081524834,0.0202909135101988
aperiodic_clean,ER,18,36,36,0.151058766751994,0.1275553424298,0.0198344311144431
aperiodic_clean,ER,19,38,38,0.150200456088287,0.126756725000134,0.0194154677175393
aperiodic_clean,ER,20,40,40,0.149397093813683,0.126011307544345,0.0190303241539263
aperiodic_clean,ER,21,42,42,0.148645374090441,0.125316340861646,0.0186772700358519
aperiodic_clean,ER,22,44,44,0.147942601241394,0.124669357251377,0.0183556158703551
aperiodic_clean,ER,23,46,46,0.1472858239537,0.124067712530768,0.0180646485597488
aperiodic_clean,ER,24,48,48,0.146671434984107,0.123507902676248,0.0178029987607302
aperiodic_clean,ER,25,50,50,0.146095307780914,0.12298538891859,0.0175683085249732
aperiodic_clean,ER,26,52,52,0.145553073944378,0.122496610227483,0.0173578671192203
aperiodic_clean,ER,27,54,54,0.145040559937867,0.122036855762213,0.0171684873339077
aperiodic_clean,ER,28,56,56,0.14455405869748,0.121602414180956,0.0169970957145728
aperiodic_clean,ER,29,58,58,0.144090419658965,0.121190222233638,0.0168409087196279
aperiodic_clean,ER,30,60,60,0.143647027582058,0.120797537441315,0.0166974853953779
aperiodic_clean,ER,31,62,62,0.143221736768308,0.120421886814096,0.0165647406985952
aperiodic_clean,ER,32,64,64,0.142812807701607,0.120061190553707,0.0164409832410483
aperiodic_clean,ER,33,66,66,0.142418848229554,0.119713996904977,0.0163249144322222
aperiodic_clean,ER,34,68,68,0.142038733993885,0.119379478096165,0.0162154998452882
aperiodic_clean,ER,35,70,70,0.141671505139415,0.119057082942178,0.0161120434069093
aperiodic_clean,ER,36,72,72,0.141316256628743,0.118746267289576,0.0160143889941456
aperiodic_clean,ER,37,74,74,0.140972135734073,0.118446476933055,0.0159222733625403
aperiodic_clean,ER,38,76,76,0.140638461036929,0.118157173507983,0.0158351335617145
aperiodic_clean,ER,39,78,78,0.140314702691409,0.11787777129597,0.0157524883351425
aperiodic_clean,ER,40,80,80,0.140000379057161,0.117607656438366,0.0156738929709127
aperiodic_clean,ER,41,82,82,0.139694981254545,0.117346294735806,0.0155987212834618
aperiodic_clean,ER,42,84,84,0.139397901018843,0.117093279758829,0.0155260070930141
aperiodic_clean,ER,43,86,86,0.139108519147655,0.11684811778532,0.0154552288160649
aperiodic_clean,ER,44,88,88,0.138826588813698,0.116609581415867,0.0153873413582963
aperiodic_clean,ER,45,90,90,0.138551950881074,0.116376454736314,0.01532315895038
aperiodic_clean,ER,46,92,92,0.138284175828627,0.116148173595117,0.0152626865972221
aperiodic_clean,ER,47,94,94,0.13802267080094,0.115924468943796,0.015205507217815
aperiodic_clean,ER,48,96,96,0.137766832522307,0.115705145347819,0.0151510450104614
aperiodic_clean,ER,49,98,98,0.137516122142911,0.115489958339622,0.0150987561458435
aperiodic_clean,ER,50,100,100,0.137270075531605,0.115278617616026,0.0150481996978493
aperiodic_clean,ER,51,102,102,0.13702829173505,0.115070799468748,0.01499902804096
aperiodic_clean,ER,52,104,104,0.136790423623566,0.114866218412843,0.0149509598147234
aperiodic_clean,ER,53,106,106,0.136556171633829,0.114664642596896,0.0149037621546785
aperiodic_clean,ER,54,108,108,0.13632527975146,0.114465841923508,0.0148572512089926
aperiodic_clean,ER,55,110,110,0.136097534038336,0.114269587837463,0.0148112717331576
aperiodic_clean,ER,56,112,112,0.135872761947373,0.114075736274173,0.0147656667133289
aperiodic_clean,ER,57,114,114,0.135650836737273,0.113884147280102,0.0147203043102469
aperiodic_clean,ER,58,116,116,0.13543167869987,0.113694554405069,0.0146751099063229
aperiodic_clean,ER,59,118,118,0.135215254771398,0.113506626052861,0.0146300505207024
aperiodic_clean,ER,60,120,120,0.135001586892443,0.113320165571756,0.0145850985654354
aperiodic_clean,ER,61,122,122,0.134790768724912,0.113135174079026,0.0145402560315762
aperiodic_clean,ER,62,124,124,0.134582974042057,0.112951814678118,0.0144956165540623
aperiodic_clean,ER,63,126,126,0.134378441802711,0.112770437337976,0.0144513933288901
aperiodic_clean,ER,64,128,128,0.134177435650816,0.112591550327265,0.0144078805854726
aperiodic_clean,ER,65,130,130,0.13398019198835,0.112415711802192,0.0143653654293667
aperiodic_clean,ER,66,132,132,0.133786888897202,0.112243398375452,0.0143240527917082
aperiodic_clean,ER,67,134,134,0.133597652018169,0.112074897516968,0.0142840676974988
aperiodic_clean,ER,68,136,136,0.133412576333499,0.111910333933752,0.0142455058153199
aperiodic_clean,ER,69,138,138,0.133231738876305,0.111749741808558,0.0142084594864309
aperiodic_clean,ER,70,140,140,0.133055196239915,0.111593086475925,0.0141730124147711
aperiodic_clean,ER,71,142,142,0.132882974481142,0.111440298731564,0.0141392232266335
aperiodic_clean,ER,72,144,144,0.132715059342577,0.111291285895763,0.0141071109083851
aperiodic_clean,ER,73,146,146,0.132551392182879,0.111145932645382,0.0140766498819456
aperiodic_clean,ER,74,148,148,0.132391873122927,0.111004104197201,0.0140477748921245
aperiodic_clean,ER,75,150,150,0.132236369348112,0.110865644283693,0.0140203901462763
aperiodic_clean,ER,76,152,152,0.132084725596863,0.11073037503196,0.0139943801466107
aperiodic_clean,ER,77,154,154,0.131936774162361,0.110598112246821,0.0139696214917314
aperiodic_clean,ER,78,156,156,0.131792342741286,0.11046868478025,0.0139459922206207
aperiodic_clean,ER,79,158,158,0.131651260034034,0.110341940000292,0.0139233769284364
aperiodic_clean,ER,80,160,160,0.131513359399232,0.110217740583076,0.0139016690657072
aperiodic_clean,ER,81,162,162,0.131378480817897,0.110095969403949,0.013880771440929
aperiodic_clean,ER,82,164,164,0.131246471925139,0.109976536480133,0.0138605954624438
aperiodic_clean,ER,83,166,166,0.131117188762763,0.109859371262011,0.013841060566352
aperiodic_clean,ER,84,168,168,0.130990496297641,0.109744406760863,0.0138220950625341
aperiodic_clean,ER,85,170,170,0.130866268723228,0.109631573901193,0.0138036385141865
aperiodic_clean,ER,86,172,172,0.130744389881282,0.109520807368893,0.0137856449575798
aperiodic_clean,ER,87,174,174,0.130624753749877,0.109412053099397,0.013768086334832
aperiodic_clean,ER,88,176,176,0.130507265095102,0.109305260991556,0.0137509542257427
aperiodic_clean,ER,89,178,178,0.130391840835267,0.109200362595454,0.0137342556124276
aperiodic_clean,ER,90,180,180,0.130278410452666,0.109097271792801,0.0137180036270748
aperiodic_clean,ER,91,182,182,0.130166915188716,0.108995903515949,0.0137022083478795
aperiodic_clean,ER,92,184,184,0.130057307247755,0.108896176046975,0.0136868707749546
aperiodic_clean,ER,93,186,186,0.12994954866803,0.108798011270474,0.0136719817335241
aperiodic_clean,ER,94,188,188,0.12984360907667,0.108701346793746,0.0136575248054685
aperiodic_clean,ER,95,190,190,0.1297394624779,0.108606145803623,0.013643480402033
aperiodic_clean,ER,96,192,192,0.129637083929811,0.108512395258721,0.0136298285239647
aperiodic_clean,ER,97,194,194,0.129536447185723,0.108420098216815,0.0136165487788944
aperiodic_clean,ER,98,196,196,0.129437524777464,0.108329251053972,0.013603619467313
aperiodic_clean,ER,99,198,198,0.129340287198278,0.108239799949221,0.0135910253701645
aperiodic_clean,ER,100,200,200,0.129244695287711,0.108151664167726,0.0135787677276466
